tl_id,x,y
1140220198,1282.14,1698.61
11786506847,249.66,1218.75
12185478575,1726.54,759.12
12565503439,512.15,1662.41
12565503441,530.0,1663.32
12565503451,71.9,1628.96
1505012108,1517.24,1595.06
1505012114,1506.98,1597.95
1672906030,1455.27,189.95
1672906038,1019.09,282.74
1672906046,1026.86,343.54
1933369991,2039.06,371.3
1995669563,325.3,1564.36
2043097295,999.42,1344.6
2050931507,354.06,1562.96
2364680319,194.7,1597.78
244380320,1182.47,297.66
2507433117,393.07,1662.58
2539719783,97.26,581.16
2539719787,75.0,577.59
2554070679,971.28,350.68
260240803,1194.73,278.64
2609025103,1678.14,581.77
2609618833,134.56,838.24
2612435144,194.14,832.14
2700771249,656.73,2131.3
2737317148,1365.5,1025.84
2751243359,894.64,1214.96
3014990779,2596.02,1322.72
319441885,164.29,835.19
323404440,176.54,833.95
338639742,998.35,381.78
3404027694,162.09,1219.66
3799089087,147.29,836.77
4007274727,427.08,1786.72
4202524116,1350.03,43.49
4202524117,1360.83,50.25
4202524124,1340.95,80.45
4202524127,1221.9,237.5
4202524128,1233.13,244.3
4206263950,1435.38,2517.7
4335733876,1845.49,2408.71
4335733877,1958.86,2418.54
4335733878,1960.87,2436.79
4335735091,1853.29,2463.4
4493660382,1673.15,1272.59
4514855869,1037.91,890.79
4525670535,85.82,541.22
4525683884,1612.93,1903.91
4525683886,1630.32,1899.21
4525683887,1639.0,1896.09
4525683891,2016.14,1865.34
4539053919,1397.64,1147.14
4833227610,2087.6,2128.76
4864772094,2379.5,2423.93
4864772095,2381.3,2406.07
4864772556,2661.89,2420.72
4864772562,2444.0,2423.16
4864772563,2445.96,2405.09
4864772578,2539.93,2422.1
4864772579,2539.88,2403.53
4868177053,2689.85,1386.07
4868177064,2628.56,1313.38
4868177065,2632.36,1328.26
4868177068,2644.78,1374.16
4990873832,37.23,567.57
4990873849,998.83,391.12
4990873850,1038.03,338.86
4990873853,1028.56,281.18
4990873855,955.5,352.48
5051797719,2386.42,198.35
5051817830,2679.99,155.23
5051817834,2655.45,161.33
5141525247,329.12,1578.37
5141525248,342.65,1578.55
5141525249,358.08,1577.67
5141525260,284.72,1182.03
5141544835,409.98,1658.11
5141544837,351.16,1663.14
5141544840,391.69,1653.08
5141544842,321.28,1548.1
5141544843,334.88,1548.7
5141544844,350.99,1551.06
5141544848,313.97,1467.72
5141544849,328.41,1463.74
5141544850,341.07,1460.15
5141544853,334.63,1435.43
5141544854,322.03,1439.02
5141544855,307.63,1443.18
5141544856,295.1,1446.78
5141544861,264.04,1214.75
5141544862,276.31,1211.73
5141544864,266.05,1171.38
5141544865,253.57,1174.75
5141544866,239.13,1178.56
5141544869,218.82,1198.35
5203841898,1113.7,1071.71
5203841900,1122.68,1105.05
5235938247,1266.74,2390.01
5236062086,1228.32,2254.0
5236062088,1236.66,2274.35
5236062090,1191.19,2104.58
5236062092,1203.56,2154.54
5246605981,1822.0,2412.7
5246605983,1836.44,2410.26
5246605985,1871.05,2422.72
5246605986,1872.33,2439.83
5246605988,1829.46,2461.0
5246620181,1729.88,1581.68
5246620186,1747.86,1577.0
5246620212,1488.42,1602.4
5246620216,1335.62,1519.68
5246621623,1484.14,1469.44
5246621624,1472.58,1472.28
5246621632,1478.8,1495.34
5246621633,1490.22,1492.28
5246621635,1543.7,1631.1
5246621637,1535.33,1612.13
5246621665,1804.24,1066.01
5246621671,1798.18,1042.77
5247483139,1771.99,939.11
5247483168,1260.43,735.56
5247483170,1287.62,727.99
5247483174,1248.79,690.39
5247483176,1276.65,684.04
5247483177,1295.36,871.11
5247483179,1312.89,866.96
5247483180,1322.63,864.65
5247483185,1366.11,832.85
5247483192,1674.47,591.26
5247483195,1343.77,746.1
5247483205,1422.8,1353.19
5247483207,1439.98,1349.44
5247483210,1415.58,1325.77
5247483212,1432.6,1321.12
5247483213,1443.45,1318.17
5247483215,1376.99,1175.77
5247483217,1394.03,1171.05
5247483218,1403.54,1169.28
5247483220,1371.3,1154.12
5247483222,1388.17,1149.01
5247483245,1763.0,903.5
5273124447,397.59,1781.54
5273124448,422.76,1777.81
5273124449,424.29,1777.58
5646958168,2340.33,208.19
5781854189,1659.06,579.5
5813479944,987.01,1763.14
5813479946,1017.57,1755.08
5813479947,1021.04,1769.99
5813479948,999.55,1789.59
5813516459,828.62,1822.43
5849716100,2298.37,1413.04
5849716117,220.46,1004.73
5849716122,179.88,848.13
5875366031,160.48,820.06
5964684950,2301.71,1426.25
5964684953,2331.87,1418.35
5964684954,2328.02,1404.64
5987407033,2135.26,2428.28
6081877467,48.74,2266.09
6244306908,451.26,1892.05
6256180034,2601.5,1927.02
6256180048,2681.51,1974.88
6376068869,1980.35,1723.52
6376068871,1972.06,1691.53
6381028694,596.65,1908.14
6381028695,604.74,1923.24
6381028698,422.97,1899.4
6395490546,212.36,972.93
6395490551,173.32,819.17
6395490553,167.35,850.07
6395490554,152.42,852.45
6395490564,2121.29,722.37
6395490568,2145.79,720.27
6397118808,2135.11,1471.54
6397118809,2131.47,1457.73
6397118810,2103.99,1465.15
6397118811,2107.76,1478.86
6397118907,1000.43,435.03
656416087,1839.38,2425.14
656416158,1841.89,2439.25
656416176,1827.12,2440.28
656416177,1826.04,2428.95
656416186,1851.45,2441.07
656416189,1849.27,2423.53
656416266,1807.24,2432.82
6612010200,1005.59,575.29
662314596,647.61,2409.08
662315056,816.7,2072.75
6654202332,802.57,1656.39
6654202335,802.78,1674.01
6681320985,2599.81,1338.02
6924514564,2496.82,714.02
6924514583,2460.86,714.67
6963991208,2103.59,2192.45
7330912660,1339.51,1034.5
7330912662,1355.85,1029.06
7578663769,254.68,556.26
7578663773,218.51,572.78
7578669912,2467.31,1951.29
7578669914,2450.33,1955.64
7578670046,1745.08,2152.92
7578670047,1729.4,2160.03
7578670050,1732.4,2123.62
7578670053,1716.25,2130.95
7578670106,2026.59,1906.76
7578670112,1565.89,1792.51
7578670114,1584.1,1788.9
7578670115,1593.4,1787.05
7578670117,1603.15,1832.26
7578670118,1611.35,1829.32
7578670119,1649.57,1942.88
7578670120,1659.09,1938.84
7578670122,1633.56,1949.69
7578670245,1573.62,2482.06
7578670246,1622.7,2470.84
7578670301,473.72,2569.45
760158288,338.62,1563.19
760893674,98.7,1103.8
7702094907,1139.91,1997.83
7723457869,486.41,1563.63
7723457870,503.1,1563.54
7723486807,1332.91,1009.66
7723486808,1359.46,1003.11
7723486810,1349.43,1005.58
7723486829,773.47,233.8
7723488095,90.93,1623.8
7723489133,390.15,1130.7
7723489135,282.34,2416.65
7723489136,293.74,2404.63
7723490184,1847.31,474.1
7723490186,2017.38,386.44
7723490189,2056.32,358.91
7723501598,1658.97,85.13
7723501609,1481.26,177.21
7723501613,1389.47,220.02
7723501615,1352.36,236.63
cluster_10156051673_4539158625_6654202315_7578670184_#1more,755.51,779.28
cluster_1140217849_5813479945,995.28,1777.05
cluster_11786506848_1215000588_6395490542,230.71,1213.08
cluster_1223757527_7578670286_7578670388,64.08,440.44
cluster_12565503452_12565503454_2612435156_4539077690,596.54,1079.86
cluster_1505012124_5192834728,1478.1,1586.65
cluster_1672906043_2613505701_2613505703_2613505709_#2more,1172.13,322.6
cluster_1720485436_4525805668_4539051860_4539051865,1846.21,1227.69
cluster_1720485444_4525805659_5247483238_5247483239_#1more,1733.25,786.43
cluster_1720485456_4493660362_5247483226,1888.27,1375.11
cluster_181182963_4525670543,727.43,314.11
cluster_2043097290_4514855867_5203841902_7782558075_#1more,1182.77,1346.0
cluster_2046348191_2050931381_6395490540_6395490541_#2more,197.61,992.12
cluster_2088253314_2612435147_2618719343_2897253187_#4more,1063.58,874.0
cluster_2112377011_7578670295_7578670296_7578670297_#1more,491.14,2406.29
cluster_2341918921_7723501602_7723501605,1609.3,111.11
cluster_244380262_965533199,821.24,1935.54
cluster_2485874904_655375241_655375242,2544.24,1348.78
cluster_2507433120_3799089093_5141544838_5141544839,371.41,1663.07
cluster_260240791_260240818_4514856052_4882797242,535.1,430.65
cluster_260240793_5849716126_5849716127_5875366026,118.05,619.32
cluster_2609618892_4539076377_4539076387_7578670186,568.78,794.81
cluster_2612435143_4539166738,299.52,826.34
cluster_2612435149_5707432605_6397118917_7578670189_#1more,1024.19,751.94
cluster_2612435166_4514856053_4990873860_4990873865,719.34,383.17
cluster_2618719325_6654202352,769.55,906.5
cluster_2644088350_280389390_5203807318_5246620218,1239.15,1539.45
cluster_2749386139_2749386141,1243.09,823.77
cluster_2751243356_8140710018_8141908747,488.33,1094.38
cluster_2751243367_5203807727_6654202321_6654202378_#2more,797.95,1215.43
cluster_2766951689_5247481910_7578670194,1933.96,749.97
cluster_2836052472_6654202324_6654202325,800.45,1429.13
cluster_3039147936_5781854195,1678.04,565.52
cluster_3263854359_5141525250_5141525252_5141544845,370.46,1563.26
cluster_346114655_4202524123,1335.36,65.66
cluster_3799089094_3799089095_4872638613_6381028700_#1more,464.0,1936.44
cluster_385076470_4260908428_662368087_7578670288_#2more,501.55,2177.1
cluster_4335733872_5987407032_656416110,2159.63,2404.3
cluster_4493660353_5247483208_9402583774,1451.41,1337.08
cluster_4510426998_4510427018_5246620165_5246620166_#4more,1926.86,1520.35
cluster_4514945003_5246621626_5246621630_9402530954,1456.58,1488.65
cluster_4525797449_5813516453_5813516455_5813516456_#3more,802.71,1820.04
cluster_4539076369_4539077695_7723457872_912964558,597.99,1565.75
cluster_4539076372_7578670203_760893504_7782558078_#3more,608.37,1205.74
cluster_4539077696_912965413,583.4,1665.71
cluster_4539162229_760893582_7723489131,377.67,1132.41
cluster_4864772557_638213093,2669.47,2400.75
cluster_5141544847_912964561,299.53,1463.96
cluster_5203807736_6654202322_6654202323_7782558068_#3more,801.13,1348.43
cluster_5203841904_7782558076,1180.97,1324.6
cluster_5246606009_5246606055_662162026_662162030_#2more,1300.43,2552.05
cluster_5246620180_5246620187_9402558757_965533218,1733.07,1559.9
cluster_648173104_7702094887_7702094891,2599.51,712.19
cluster_656415975_7702094922_7702094923,1871.8,2101.47
cluster_656416041_7578663863_7578663864,2263.11,2003.22
cluster_656416106_7578663866_7578663867_7578663868,2068.44,2052.94
cluster_656416199_7578670048_7578670051_7702095011,1750.39,2133.1
cluster_662314604_662314612_7052731755_7723490408_#1more,877.12,2352.83
cluster_6654202330_6654202331_6654202365_911593397,799.76,1563.98
