episode,total_reward,mean_loss,mean_wait,mean_q,epsilon,num_edges,num_lanes,total_lane_length
1,-248.3833,0.973383,8798.39,-5.345,1.0000,6934,8331,262213.34
2,-257.5953,1.610583,8667.25,-20.411,0.9950,6934,8331,262213.34
3,-251.8267,1.712413,8751.96,-20.618,0.9900,6934,8331,262213.34
4,-235.3868,1.299530,10702.16,-19.225,0.9851,6934,8331,262213.34
5,-269.3959,1.227056,8510.13,-19.505,0.9801,6934,8331,262213.34
6,-232.4733,1.200642,9667.40,-16.304,0.9752,6934,8331,262213.34
7,-252.4353,1.058294,8985.35,-16.036,0.9704,6934,8331,262213.34
8,-268.8331,0.991539,8394.45,-16.724,0.9655,6934,8331,262213.34
9,-279.4007,1.008803,8369.29,-17.498,0.9607,6934,8331,262213.34
10,-256.8360,1.037014,9015.01,-14.828,0.9559,6934,8331,262213.34
11,-251.5721,1.029554,8540.21,-15.979,0.9511,6934,8331,262213.34
12,-246.8689,1.018316,8158.05,-16.550,0.9464,6934,8331,262213.34
13,-256.7215,1.039871,8295.34,-16.615,0.9416,6934,8331,262213.34
14,-241.1742,1.073229,9805.12,-14.214,0.9369,6934,8331,262213.34
15,-254.9913,1.061732,7567.16,-18.058,0.9322,6934,8331,262213.34
16,-264.3102,1.050026,7712.83,-18.175,0.9276,6934,8331,262213.34
17,-266.9284,1.127078,8538.96,-17.525,0.9229,6934,8331,262213.34
18,-290.2183,1.101195,8158.66,-19.028,0.9183,6934,8331,262213.34
19,-242.7626,1.111411,8011.41,-19.209,0.9137,6934,8331,262213.34
20,-239.7344,1.062552,8958.38,-18.931,0.9092,6934,8331,262213.34
21,-220.2381,1.121021,9606.18,-15.235,0.9046,6934,8331,262213.34
22,-247.1599,1.111224,9968.38,-14.533,0.9001,6934,8331,262213.34
23,-237.6379,1.143133,8845.97,-17.032,0.8956,6934,8331,262213.34
24,-274.4057,1.258753,9753.38,-15.410,0.8911,6934,8331,262213.34
25,-248.8125,1.218094,8516.32,-17.403,0.8867,6934,8331,262213.34
26,-257.3833,1.155358,8042.01,-19.466,0.8822,6934,8331,262213.34
27,-279.0062,1.274741,8519.83,-18.212,0.8778,6934,8331,262213.34
28,-248.1216,1.086276,8370.15,-19.389,0.8734,6934,8331,262213.34
29,-255.1368,1.214044,8381.68,-18.669,0.8691,6934,8331,262213.34
30,-251.9320,1.285359,9043.00,-18.067,0.8647,6934,8331,262213.34
31,-230.3766,1.281963,10356.47,-15.658,0.8604,6934,8331,262213.34
32,-258.5406,1.152644,8647.66,-19.160,0.8561,6934,8331,262213.34
33,-251.6378,1.174710,10090.42,-16.896,0.8518,6934,8331,262213.34
34,-239.8153,1.259499,8301.06,-19.918,0.8475,6934,8331,262213.34
35,-284.8171,1.244853,8623.25,-18.726,0.8433,6934,8331,262213.34
36,-237.8748,1.248607,9445.14,-18.510,0.8391,6934,8331,262213.34
37,-263.5537,1.327072,8912.55,-18.466,0.8349,6934,8331,262213.34
38,-248.5996,1.261677,8613.40,-19.532,0.8307,6934,8331,262213.34
39,-253.3152,1.259359,8699.10,-19.638,0.8266,6934,8331,262213.34
40,-242.4868,1.188295,10016.64,-18.543,0.8224,6934,8331,262213.34
41,-263.0740,1.321853,8023.43,-20.149,0.8183,6934,8331,262213.34
42,-262.1942,1.275318,8424.30,-19.785,0.8142,6934,8331,262213.34
43,-240.0702,1.340718,8829.37,-18.210,0.8102,6934,8331,262213.34
44,-262.5377,1.376968,7674.86,-20.034,0.8061,6934,8331,262213.34
45,-256.4703,1.308586,8818.03,-19.834,0.8021,6934,8331,262213.34
46,-277.6639,1.335069,8927.83,-19.291,0.7981,6934,8331,262213.34
47,-302.3118,1.238012,10001.73,-18.243,0.7941,6934,8331,262213.34
48,-260.9014,1.337592,8497.70,-20.582,0.7901,6934,8331,262213.34
49,-254.3938,1.295585,7667.59,-20.210,0.7862,6934,8331,262213.34
50,-247.3755,1.367104,9200.90,-19.094,0.7822,6934,8331,262213.34
51,-246.4860,1.358359,8703.05,-19.677,0.7783,6934,8331,262213.34
52,-288.5400,1.355092,8161.96,-19.994,0.7744,6934,8331,262213.34
53,-240.3706,1.333431,8875.85,-18.345,0.7705,6934,8331,262213.34
54,-231.4450,1.438549,9221.89,-18.869,0.7667,6934,8331,262213.34
55,-215.6867,1.342509,10394.76,-17.439,0.7629,6934,8331,262213.34
56,-242.7866,1.347718,8899.15,-19.721,0.7590,6934,8331,262213.34
57,-260.1160,1.308010,10178.10,-18.065,0.7553,6934,8331,262213.34
58,-248.0584,1.392483,8429.71,-19.059,0.7515,6934,8331,262213.34
59,-257.1935,1.339806,8035.40,-20.559,0.7477,6934,8331,262213.34
60,-231.5068,1.352648,9212.66,-19.569,0.7440,6934,8331,262213.34
61,-248.3576,1.385871,10279.82,-17.248,0.7403,6934,8331,262213.34
62,-275.5398,1.298515,10504.51,-17.431,0.7366,6934,8331,262213.34
63,-246.2414,1.286198,8298.68,-19.148,0.7329,6934,8331,262213.34
64,-261.9757,1.367552,8442.70,-19.860,0.7292,6934,8331,262213.34
65,-251.9944,1.316782,7866.77,-19.961,0.7256,6934,8331,262213.34
66,-275.4083,1.350940,8545.70,-19.616,0.7219,6934,8331,262213.34
67,-258.0192,1.383168,7998.43,-20.746,0.7183,6934,8331,262213.34
68,-225.4625,1.302109,10420.74,-16.151,0.7147,6934,8331,262213.34
69,-250.1497,1.343437,8318.76,-20.323,0.7112,6934,8331,262213.34
70,-247.6566,1.256503,8942.46,-19.030,0.7076,6934,8331,262213.34
71,-283.9403,1.286973,9374.94,-18.209,0.7041,6934,8331,262213.34
72,-286.5053,1.448000,8709.67,-18.189,0.7005,6934,8331,262213.34
73,-238.9238,1.357405,9025.01,-17.994,0.6970,6934,8331,262213.34
74,-252.6118,1.250412,10095.62,-17.710,0.6936,6934,8331,262213.34
75,-222.2502,1.305175,8442.39,-19.551,0.6901,6934,8331,262213.34
76,-254.1142,1.379421,10990.57,-16.737,0.6866,6934,8331,262213.34
77,-251.5617,1.217294,8829.53,-19.630,0.6832,6934,8331,262213.34
78,-263.3719,1.325265,8808.61,-18.171,0.6798,6934,8331,262213.34
79,-274.0976,1.347810,8065.77,-21.815,0.6764,6934,8331,262213.34
80,-272.2744,1.389635,9218.45,-20.034,0.6730,6934,8331,262213.34
81,-285.9681,1.275195,8481.45,-20.255,0.6696,6934,8331,262213.34
82,-264.0418,1.256710,8351.37,-20.274,0.6663,6934,8331,262213.34
83,-220.9389,1.314249,8263.98,-19.085,0.6630,6934,8331,262213.34
84,-232.7235,1.329407,10644.57,-17.158,0.6597,6934,8331,262213.34
85,-232.2829,1.236761,8131.49,-18.885,0.6564,6934,8331,262213.34
86,-257.3276,1.349316,9721.80,-18.242,0.6531,6934,8331,262213.34
87,-274.8073,1.322400,7973.84,-20.017,0.6498,6934,8331,262213.34
88,-232.8540,1.392733,9796.96,-16.945,0.6466,6934,8331,262213.34
89,-258.3939,1.371466,8501.06,-19.451,0.6433,6934,8331,262213.34
90,-276.5663,1.399308,7571.84,-20.748,0.6401,6934,8331,262213.34
91,-236.2412,1.363394,8742.96,-18.529,0.6369,6934,8331,262213.34
92,-228.3641,1.364566,8659.97,-20.665,0.6337,6934,8331,262213.34
93,-243.0043,1.374362,8494.77,-19.541,0.6306,6934,8331,262213.34
94,-234.3851,1.356241,8163.90,-19.676,0.6274,6934,8331,262213.34
95,-252.3524,1.289951,7910.38,-20.057,0.6243,6934,8331,262213.34
96,-232.3476,1.286062,7673.73,-19.765,0.6211,6934,8331,262213.34
97,-204.8647,1.342264,11051.90,-17.016,0.6180,6934,8331,262213.34
98,-252.0152,1.377539,8462.77,-19.326,0.6149,6934,8331,262213.34
99,-248.5750,1.393032,9226.42,-19.695,0.6119,6934,8331,262213.34
100,-259.3219,1.422962,8300.52,-20.164,0.6088,6934,8331,262213.34
101,-268.4369,1.391715,9004.40,-19.211,0.6058,6934,8331,262213.34
102,-261.2002,1.400149,9033.19,-18.786,0.6027,6934,8331,262213.34
103,-250.1766,1.455336,9837.38,-18.905,0.5997,6934,8331,262213.34
104,-245.4491,1.324130,8469.24,-20.400,0.5967,6934,8331,262213.34
105,-249.2038,1.403641,7711.30,-20.706,0.5937,6934,8331,262213.34
106,-276.1642,1.432119,8023.19,-20.324,0.5908,6934,8331,262213.34
107,-278.0614,1.474847,8153.12,-20.250,0.5878,6934,8331,262213.34
108,-239.7444,1.316226,7673.86,-20.614,0.5849,6934,8331,262213.34
109,-245.3219,1.461420,8954.28,-19.932,0.5820,6934,8331,262213.34
110,-272.3684,1.387458,8223.18,-20.047,0.5790,6934,8331,262213.34
111,-234.3921,1.430213,9178.15,-20.931,0.5762,6934,8331,262213.34
112,-252.3515,1.299910,8695.78,-19.507,0.5733,6934,8331,262213.34
113,-244.3464,1.389759,9007.97,-19.900,0.5704,6934,8331,262213.34
114,-263.8707,1.390805,8814.98,-20.074,0.5676,6934,8331,262213.34
115,-249.1240,1.432726,8734.53,-18.547,0.5647,6934,8331,262213.34
116,-244.7145,1.339947,9906.18,-17.699,0.5619,6934,8331,262213.34
117,-247.4468,1.346255,9154.10,-18.893,0.5591,6934,8331,262213.34
118,-250.1903,1.410116,8644.41,-18.534,0.5563,6934,8331,262213.34
119,-247.1752,1.382020,7705.34,-20.911,0.5535,6934,8331,262213.34
120,-278.5752,1.346662,9800.39,-19.184,0.5507,6934,8331,262213.34
121,-233.1781,1.434607,9176.46,-19.031,0.5480,6934,8331,262213.34
122,-243.4057,1.445184,8697.72,-18.636,0.5452,6934,8331,262213.34
123,-271.9516,1.548528,8713.73,-19.212,0.5425,6934,8331,262213.34
124,-261.5869,1.483779,9102.07,-20.096,0.5398,6934,8331,262213.34
125,-251.8741,1.421721,7406.31,-21.307,0.5371,6934,8331,262213.34
126,-239.7704,1.411615,10366.99,-19.868,0.5344,6934,8331,262213.34
127,-250.4136,1.440320,8066.65,-19.693,0.5318,6934,8331,262213.34
128,-260.6857,1.411666,8556.86,-19.911,0.5291,6934,8331,262213.34
129,-251.8350,1.446847,7920.87,-20.980,0.5264,6934,8331,262213.34
130,-267.6901,1.409680,9827.45,-18.716,0.5238,6934,8331,262213.34
131,-266.7498,1.429528,7549.40,-20.846,0.5212,6934,8331,262213.34
132,-239.5965,1.438221,9024.53,-19.488,0.5186,6934,8331,262213.34
133,-247.2890,1.461857,8862.31,-19.538,0.5160,6934,8331,262213.34
134,-234.3069,1.444240,10897.82,-18.229,0.5134,6934,8331,262213.34
135,-265.7411,1.408012,8730.69,-20.370,0.5108,6934,8331,262213.34
136,-241.6042,1.553211,9160.50,-18.810,0.5083,6934,8331,262213.34
137,-231.2284,1.488524,8923.30,-18.461,0.5058,6934,8331,262213.34
138,-234.8946,1.350419,9513.69,-17.153,0.5032,6934,8331,262213.34
139,-255.5530,1.516621,8641.06,-19.867,0.5007,6934,8331,262213.34
140,-252.7272,1.482774,7478.82,-20.883,0.4982,6934,8331,262213.34
141,-227.5829,1.479351,8265.95,-18.356,0.4957,6934,8331,262213.34
142,-286.3206,1.387719,9486.28,-20.099,0.4932,6934,8331,262213.34
143,-266.7696,1.540573,8586.93,-20.103,0.4908,6934,8331,262213.34
144,-242.1930,1.406077,9966.54,-17.969,0.4883,6934,8331,262213.34
145,-241.8827,1.440001,8937.55,-19.823,0.4859,6934,8331,262213.34
146,-248.9292,1.466945,9042.05,-20.608,0.4834,6934,8331,262213.34
147,-229.3472,1.516216,10335.35,-16.984,0.4810,6934,8331,262213.34
148,-242.2502,1.401745,7959.09,-19.041,0.4786,6934,8331,262213.34
149,-221.4516,1.502373,8722.70,-18.931,0.4762,6934,8331,262213.34
150,-243.2052,1.388950,9524.66,-17.865,0.4738,6934,8331,262213.34
151,-262.8637,1.448682,8689.25,-21.748,0.4715,6934,8331,262213.34
152,-270.9585,1.471323,10032.93,-15.592,0.4691,6934,8331,262213.34
153,-258.7196,1.468468,7591.00,-20.291,0.4668,6934,8331,262213.34
154,-259.8256,1.471940,7905.02,-20.452,0.4644,6934,8331,262213.34
155,-254.3880,1.407735,8756.40,-19.417,0.4621,6934,8331,262213.34
156,-271.9316,1.486407,9119.89,-18.124,0.4598,6934,8331,262213.34
157,-236.0462,1.410011,8467.19,-19.703,0.4575,6934,8331,262213.34
158,-247.0210,1.489533,7916.00,-21.080,0.4552,6934,8331,262213.34
159,-263.7465,1.385171,7550.77,-20.008,0.4529,6934,8331,262213.34
160,-244.5790,1.508459,7628.08,-21.526,0.4507,6934,8331,262213.34
161,-231.3860,1.336373,9328.34,-17.519,0.4484,6934,8331,262213.34
162,-248.7971,1.424716,9167.16,-19.433,0.4462,6934,8331,262213.34
163,-259.8755,1.525404,9253.04,-17.796,0.4440,6934,8331,262213.34
164,-233.7328,1.452765,10176.54,-16.633,0.4417,6934,8331,262213.34
165,-277.5831,1.534594,7811.34,-21.035,0.4395,6934,8331,262213.34
166,-256.9740,1.585216,8072.93,-20.340,0.4373,6934,8331,262213.34
167,-254.0790,1.446395,10132.88,-19.110,0.4351,6934,8331,262213.34
168,-244.8571,1.464650,7835.81,-19.965,0.4330,6934,8331,262213.34
169,-203.0392,1.433306,10400.83,-17.347,0.4308,6934,8331,262213.34
170,-234.4925,1.525906,8483.63,-19.964,0.4286,6934,8331,262213.34
171,-265.2454,1.552345,9486.73,-17.404,0.4265,6934,8331,262213.34
172,-281.3113,1.469479,7778.72,-20.407,0.4244,6934,8331,262213.34
173,-239.1228,1.418836,8789.98,-18.512,0.4223,6934,8331,262213.34
174,-266.2660,1.552297,7259.20,-20.238,0.4201,6934,8331,262213.34
175,-246.9365,1.520222,8446.48,-19.044,0.4180,6934,8331,262213.34
176,-228.7447,1.521265,8246.85,-19.612,0.4159,6934,8331,262213.34
177,-233.9159,1.525655,10295.42,-15.496,0.4139,6934,8331,262213.34
178,-262.8002,1.474858,8502.31,-20.284,0.4118,6934,8331,262213.34
179,-245.4352,1.601109,9089.94,-19.027,0.4097,6934,8331,262213.34
180,-233.9343,1.503027,7402.90,-21.075,0.4077,6934,8331,262213.34
181,-247.2219,1.627200,8216.62,-21.169,0.4057,6934,8331,262213.34
182,-236.8454,1.521314,10144.89,-18.586,0.4036,6934,8331,262213.34
183,-235.9637,1.544142,9646.13,-19.594,0.4016,6934,8331,262213.34
184,-218.0372,1.574542,9954.13,-18.942,0.3996,6934,8331,262213.34
185,-236.1644,1.507123,8806.72,-18.075,0.3976,6934,8331,262213.34
186,-242.0278,1.524437,7631.42,-20.935,0.3956,6934,8331,262213.34
187,-271.0282,1.449978,9352.38,-20.226,0.3936,6934,8331,262213.34
188,-226.8753,1.591062,8352.56,-19.037,0.3917,6934,8331,262213.34
189,-248.9033,1.513373,8250.25,-19.800,0.3897,6934,8331,262213.34
190,-225.6171,1.499999,8660.40,-20.248,0.3878,6934,8331,262213.34
191,-226.4782,1.520239,8213.21,-21.035,0.3858,6934,8331,262213.34
192,-236.8138,1.487247,8044.98,-21.091,0.3839,6934,8331,262213.34
193,-270.6195,1.567589,9275.08,-19.999,0.3820,6934,8331,262213.34
194,-226.8451,1.544338,8081.21,-20.826,0.3801,6934,8331,262213.34
195,-238.3223,1.513483,7672.59,-21.520,0.3782,6934,8331,262213.34
196,-239.6036,1.545550,10162.56,-19.628,0.3763,6934,8331,262213.34
197,-287.6368,1.527048,8559.14,-19.340,0.3744,6934,8331,262213.34
198,-246.2823,1.606194,10130.93,-19.045,0.3725,6934,8331,262213.34
199,-241.9149,1.579512,8026.43,-19.625,0.3707,6934,8331,262213.34
200,-236.7476,1.623247,8575.83,-18.487,0.3688,6934,8331,262213.34
201,-220.6283,1.500840,8929.39,-21.242,0.3670,6934,8331,262213.34
202,-240.7160,1.640083,8616.59,-20.388,0.3651,6934,8331,262213.34
203,-235.0635,1.508891,9875.46,-18.981,0.3633,6934,8331,262213.34
204,-253.0669,1.514209,7632.03,-20.106,0.3615,6934,8331,262213.34
205,-225.6722,1.563823,8717.42,-19.146,0.3597,6934,8331,262213.34
206,-239.5305,1.545986,7947.22,-19.979,0.3579,6934,8331,262213.34
207,-256.0617,1.514306,10501.57,-18.254,0.3561,6934,8331,262213.34
208,-257.2540,1.485283,8441.48,-18.918,0.3543,6934,8331,262213.34
209,-256.9896,1.550929,8136.58,-19.837,0.3525,6934,8331,262213.34
210,-249.1581,1.616541,8096.87,-19.144,0.3508,6934,8331,262213.34
211,-248.1887,1.555189,8388.34,-19.698,0.3490,6934,8331,262213.34
212,-237.7636,1.578992,9397.49,-20.393,0.3473,6934,8331,262213.34
213,-250.4688,1.539931,7690.34,-20.687,0.3455,6934,8331,262213.34
214,-249.4788,1.563819,9408.21,-18.024,0.3438,6934,8331,262213.34
215,-236.2562,1.560867,8584.61,-20.220,0.3421,6934,8331,262213.34
216,-255.4499,1.595352,8302.10,-19.828,0.3404,6934,8331,262213.34
217,-222.0436,1.548076,8858.62,-20.137,0.3387,6934,8331,262213.34
218,-269.8778,1.583733,8576.22,-18.356,0.3370,6934,8331,262213.34
219,-245.6749,1.510780,8913.22,-19.296,0.3353,6934,8331,262213.34
220,-230.3470,1.643451,8871.09,-19.677,0.3336,6934,8331,262213.34
221,-250.9812,1.506241,10062.84,-20.771,0.3320,6934,8331,262213.34
222,-241.1202,1.540697,8847.69,-18.863,0.3303,6934,8331,262213.34
223,-220.3035,1.671411,8132.03,-20.809,0.3286,6934,8331,262213.34
224,-227.1795,1.658697,8415.61,-19.702,0.3270,6934,8331,262213.34
225,-243.2784,1.562564,8185.03,-19.868,0.3254,6934,8331,262213.34
226,-278.1193,1.611337,9149.64,-19.431,0.3237,6934,8331,262213.34
227,-242.5002,1.571066,8389.12,-21.400,0.3221,6934,8331,262213.34
228,-232.3930,1.562742,9059.03,-20.026,0.3205,6934,8331,262213.34
229,-227.3144,1.598116,9516.72,-17.741,0.3189,6934,8331,262213.34
230,-242.5742,1.615999,8132.06,-20.592,0.3173,6934,8331,262213.34
231,-227.1900,1.524374,8026.55,-20.230,0.3157,6934,8331,262213.34
232,-240.4349,1.598639,8982.40,-20.233,0.3141,6934,8331,262213.34
233,-248.2245,1.552297,8892.23,-18.359,0.3126,6934,8331,262213.34
234,-266.3605,1.532004,8102.03,-21.325,0.3110,6934,8331,262213.34
235,-239.3721,1.555367,7977.83,-22.329,0.3095,6934,8331,262213.34
236,-261.5815,1.549833,8191.42,-20.251,0.3079,6934,8331,262213.34
237,-244.8072,1.614196,9087.54,-19.672,0.3064,6934,8331,262213.34
238,-252.7370,1.500361,7544.85,-19.540,0.3048,6934,8331,262213.34
239,-218.2280,1.588021,8059.40,-18.934,0.3033,6934,8331,262213.34
240,-236.7019,1.588983,9461.37,-17.033,0.3018,6934,8331,262213.34
241,-234.0650,1.523358,9048.56,-18.787,0.3003,6934,8331,262213.34
242,-231.7578,1.529397,7390.57,-21.687,0.2988,6934,8331,262213.34
243,-253.8512,1.659228,9147.73,-22.323,0.2973,6934,8331,262213.34
244,-231.8982,1.561276,9396.96,-17.985,0.2958,6934,8331,262213.34
245,-270.5399,1.539177,7267.40,-24.273,0.2943,6934,8331,262213.34
246,-241.7633,1.561513,8386.53,-20.144,0.2929,6934,8331,262213.34
247,-253.6585,1.499165,9659.01,-21.185,0.2914,6934,8331,262213.34
248,-256.5781,1.501036,8411.59,-20.160,0.2899,6934,8331,262213.34
249,-236.1917,1.536459,8230.49,-20.083,0.2885,6934,8331,262213.34
250,-239.1971,1.558655,7693.78,-21.622,0.2870,6934,8331,262213.34
251,-235.1723,1.510630,8260.65,-19.986,0.2856,6934,8331,262213.34
252,-276.2409,1.574630,8515.26,-19.289,0.2842,6934,8331,262213.34
253,-226.6721,1.576118,9070.03,-19.162,0.2828,6934,8331,262213.34
254,-261.6162,1.616301,8296.04,-20.799,0.2813,6934,8331,262213.34
255,-232.6484,1.536950,9023.86,-20.160,0.2799,6934,8331,262213.34
256,-246.2914,1.572947,8563.51,-20.560,0.2785,6934,8331,262213.34
257,-237.7009,1.510893,8114.38,-19.578,0.2771,6934,8331,262213.34
258,-241.3167,1.521357,9201.45,-18.689,0.2758,6934,8331,262213.34
259,-249.8361,1.631921,8754.89,-20.438,0.2744,6934,8331,262213.34
260,-250.6349,1.555913,8319.04,-19.340,0.2730,6934,8331,262213.34
261,-221.0521,1.545095,10615.49,-17.552,0.2716,6934,8331,262213.34
262,-240.4316,1.587691,7952.45,-19.037,0.2703,6934,8331,262213.34
263,-249.3114,1.583136,9102.91,-20.418,0.2689,6934,8331,262213.34
264,-235.5074,1.539732,11713.86,-17.313,0.2676,6934,8331,262213.34
265,-216.5336,1.574611,11666.85,-18.519,0.2663,6934,8331,262213.34
266,-207.8863,1.534960,10275.51,-16.659,0.2649,6934,8331,262213.34
267,-237.0453,1.562516,9612.10,-18.115,0.2636,6934,8331,262213.34
268,-230.6641,1.615428,8700.52,-19.788,0.2623,6934,8331,262213.34
269,-249.7048,1.531027,7979.03,-19.968,0.2610,6934,8331,262213.34
270,-240.6309,1.640599,7754.61,-19.843,0.2597,6934,8331,262213.34
271,-249.6718,1.606643,8405.30,-18.880,0.2584,6934,8331,262213.34
272,-221.4667,1.596419,8118.43,-19.294,0.2571,6934,8331,262213.34
273,-255.6334,1.583599,8496.53,-18.330,0.2558,6934,8331,262213.34
274,-245.3283,1.536845,8056.18,-20.160,0.2545,6934,8331,262213.34
275,-222.6553,1.555246,8981.42,-18.450,0.2532,6934,8331,262213.34
276,-239.5539,1.562159,9495.04,-20.476,0.2520,6934,8331,262213.34
277,-246.6384,1.572200,8257.94,-19.717,0.2507,6934,8331,262213.34
278,-231.3765,1.479503,9017.52,-17.866,0.2495,6934,8331,262213.34
279,-232.4287,1.521747,8727.64,-19.006,0.2482,6934,8331,262213.34
280,-255.9077,1.544993,9688.76,-18.135,0.2470,6934,8331,262213.34
281,-232.0992,1.593441,11011.58,-18.251,0.2457,6934,8331,262213.34
282,-248.5994,1.480054,8344.81,-19.735,0.2445,6934,8331,262213.34
283,-223.7785,1.579424,8674.61,-17.441,0.2433,6934,8331,262213.34
284,-232.7972,1.602164,10651.56,-20.434,0.2421,6934,8331,262213.34
285,-248.7856,1.565935,8748.16,-17.270,0.2409,6934,8331,262213.34
286,-239.6167,1.472592,9454.82,-18.101,0.2397,6934,8331,262213.34
287,-285.2970,1.528310,8567.77,-19.852,0.2385,6934,8331,262213.34
288,-236.0523,1.567477,8157.82,-17.461,0.2373,6934,8331,262213.34
289,-218.1807,1.528019,8255.46,-19.249,0.2361,6934,8331,262213.34
290,-238.9165,1.536126,7451.78,-21.386,0.2349,6934,8331,262213.34
291,-252.4687,1.633587,10929.59,-18.206,0.2337,6934,8331,262213.34
292,-234.4051,1.558725,8348.10,-19.808,0.2326,6934,8331,262213.34
293,-244.5300,1.551799,9261.81,-18.568,0.2314,6934,8331,262213.34
294,-230.9667,1.519873,8558.87,-19.407,0.2302,6934,8331,262213.34
295,-246.3899,1.538989,7710.31,-21.169,0.2291,6934,8331,262213.34
296,-232.0838,1.514651,8160.30,-19.306,0.2279,6934,8331,262213.34
297,-238.5952,1.550862,9386.05,-18.411,0.2268,6934,8331,262213.34
298,-215.9266,1.512749,8649.59,-19.566,0.2257,6934,8331,262213.34
299,-231.9236,1.562337,8120.87,-20.564,0.2245,6934,8331,262213.34
300,-236.9898,1.572004,7874.30,-20.210,0.2234,6934,8331,262213.34
301,-212.9769,1.572751,9049.18,-19.138,0.2223,6934,8331,262213.34
302,-226.9841,1.544770,8380.73,-19.658,0.2212,6934,8331,262213.34
303,-233.0113,1.545712,8986.68,-19.659,0.2201,6934,8331,262213.34
304,-239.7693,1.596969,8418.82,-20.745,0.2190,6934,8331,262213.34
305,-218.7202,1.619872,8989.51,-18.469,0.2179,6934,8331,262213.34
306,-225.9707,1.484116,7998.96,-19.731,0.2168,6934,8331,262213.34
307,-228.6587,1.523846,8685.14,-19.371,0.2157,6934,8331,262213.34
308,-226.3087,1.538211,8559.88,-19.420,0.2146,6934,8331,262213.34
309,-259.1740,1.513917,7168.05,-20.720,0.2136,6934,8331,262213.34
310,-226.8855,1.483930,8630.13,-19.094,0.2125,6934,8331,262213.34
311,-240.8339,1.543184,8782.11,-16.891,0.2114,6934,8331,262213.34
312,-270.3469,1.593757,10430.69,-18.091,0.2104,6934,8331,262213.34
313,-220.4366,1.546597,9130.08,-17.848,0.2093,6934,8331,262213.34
314,-262.5791,1.582671,8602.60,-19.542,0.2083,6934,8331,262213.34
315,-263.9585,1.552379,9019.70,-21.292,0.2072,6934,8331,262213.34
316,-208.6528,1.559046,9303.09,-18.116,0.2062,6934,8331,262213.34
317,-248.4823,1.570534,8621.02,-20.554,0.2052,6934,8331,262213.34
318,-216.6874,1.548064,8294.91,-18.511,0.2041,6934,8331,262213.34
319,-234.5174,1.543553,9235.07,-18.753,0.2031,6934,8331,262213.34
320,-219.0317,1.439800,6855.76,-21.296,0.2021,6934,8331,262213.34
321,-217.7443,1.578272,8503.54,-17.092,0.2011,6934,8331,262213.34
322,-187.1795,1.528679,9024.77,-18.766,0.2001,6934,8331,262213.34
323,-222.1714,1.584520,8196.16,-19.304,0.1991,6934,8331,262213.34
324,-240.8008,1.517296,8488.06,-20.306,0.1981,6934,8331,262213.34
325,-228.2760,1.521868,8577.91,-17.623,0.1971,6934,8331,262213.34
326,-207.4488,1.550815,10469.07,-16.632,0.1961,6934,8331,262213.34
327,-222.6113,1.503512,8411.75,-18.176,0.1951,6934,8331,262213.34
328,-231.7497,1.562458,8279.85,-20.488,0.1942,6934,8331,262213.34
329,-225.4061,1.550515,9038.64,-18.148,0.1932,6934,8331,262213.34
330,-226.0368,1.475052,8891.88,-18.680,0.1922,6934,8331,262213.34
331,-218.7461,1.523070,10472.99,-17.454,0.1913,6934,8331,262213.34
332,-275.2135,1.539749,8134.41,-20.578,0.1903,6934,8331,262213.34
333,-205.7681,1.497613,9135.83,-18.686,0.1893,6934,8331,262213.34
334,-214.3322,1.519330,8073.73,-18.479,0.1884,6934,8331,262213.34
335,-228.6966,1.482859,9105.79,-19.973,0.1875,6934,8331,262213.34
336,-234.1747,1.557702,8441.14,-17.852,0.1865,6934,8331,262213.34
337,-232.7835,1.527311,8718.05,-18.363,0.1856,6934,8331,262213.34
338,-213.1604,1.517322,7915.55,-19.929,0.1847,6934,8331,262213.34
339,-251.6212,1.528611,9161.27,-20.464,0.1837,6934,8331,262213.34
340,-230.6449,1.529970,8282.38,-18.775,0.1828,6934,8331,262213.34
341,-218.2639,1.601266,7991.02,-19.590,0.1819,6934,8331,262213.34
342,-224.2818,1.586030,8825.74,-18.310,0.1810,6934,8331,262213.34
343,-237.4744,1.590216,8595.30,-19.810,0.1801,6934,8331,262213.34
344,-251.7110,1.533421,8567.18,-20.085,0.1792,6934,8331,262213.34
345,-214.8479,1.536337,8420.07,-19.089,0.1783,6934,8331,262213.34
346,-236.9433,1.508133,8632.77,-18.139,0.1774,6934,8331,262213.34
347,-213.3048,1.558230,9838.59,-15.964,0.1765,6934,8331,262213.34
348,-195.8189,1.487094,9327.42,-18.627,0.1756,6934,8331,262213.34
349,-205.6363,1.541854,9569.22,-17.641,0.1748,6934,8331,262213.34
350,-229.2274,1.527840,8002.36,-21.465,0.1739,6934,8331,262213.34
351,-199.5503,1.578743,10525.52,-17.448,0.1730,6934,8331,262213.34
352,-238.0640,1.490364,10385.35,-16.317,0.1721,6934,8331,262213.34
353,-214.9178,1.561069,8334.07,-19.049,0.1713,6934,8331,262213.34
354,-199.3014,1.488690,8892.07,-18.271,0.1704,6934,8331,262213.34
355,-225.2340,1.528914,8547.76,-18.177,0.1696,6934,8331,262213.34
356,-218.0182,1.524275,8522.11,-17.688,0.1687,6934,8331,262213.34
357,-237.2435,1.536587,8470.29,-19.249,0.1679,6934,8331,262213.34
358,-232.4878,1.516456,8559.68,-20.449,0.1670,6934,8331,262213.34
359,-239.8045,1.528006,7830.49,-17.723,0.1662,6934,8331,262213.34
360,-229.2177,1.573323,8606.00,-19.281,0.1654,6934,8331,262213.34
361,-210.6595,1.537355,10393.26,-16.996,0.1646,6934,8331,262213.34
362,-217.3176,1.558993,8569.60,-18.926,0.1637,6934,8331,262213.34
363,-223.1755,1.473171,9038.42,-16.285,0.1629,6934,8331,262213.34
364,-230.5194,1.584993,8863.76,-17.924,0.1621,6934,8331,262213.34
365,-244.9026,1.537972,8212.40,-19.615,0.1613,6934,8331,262213.34
366,-230.1592,1.625053,10171.29,-17.245,0.1605,6934,8331,262213.34
367,-236.9659,1.612518,9756.50,-17.762,0.1597,6934,8331,262213.34
368,-225.9388,1.581048,8487.59,-18.752,0.1589,6934,8331,262213.34
369,-207.2910,1.504722,9650.77,-18.343,0.1581,6934,8331,262213.34
370,-260.0998,1.569427,8907.96,-17.688,0.1573,6934,8331,262213.34
371,-213.8339,1.534281,9030.51,-19.168,0.1565,6934,8331,262213.34
372,-235.0179,1.531591,8966.58,-19.693,0.1557,6934,8331,262213.34
373,-238.2239,1.585776,8235.33,-16.820,0.1549,6934,8331,262213.34
374,-247.0713,1.552459,8627.91,-17.878,0.1542,6934,8331,262213.34
375,-253.4067,1.601624,8719.29,-17.713,0.1534,6934,8331,262213.34
376,-225.8661,1.564886,7858.50,-20.090,0.1526,6934,8331,262213.34
377,-200.6451,1.573278,9378.95,-16.390,0.1519,6934,8331,262213.34
378,-243.1585,1.604981,9094.21,-16.153,0.1511,6934,8331,262213.34
379,-233.9320,1.617543,8717.81,-19.049,0.1504,6934,8331,262213.34
380,-253.6268,1.515376,8110.50,-17.549,0.1496,6934,8331,262213.34
381,-233.0996,1.504710,8106.80,-17.890,0.1489,6934,8331,262213.34
382,-224.5479,1.592378,8397.23,-19.522,0.1481,6934,8331,262213.34
383,-224.6942,1.558791,8896.95,-17.101,0.1474,6934,8331,262213.34
384,-191.2420,1.555394,8857.31,-17.452,0.1466,6934,8331,262213.34
385,-221.2499,1.573584,8893.46,-15.688,0.1459,6934,8331,262213.34
386,-229.8478,1.539149,8251.12,-18.484,0.1452,6934,8331,262213.34
387,-204.8140,1.511943,11617.30,-17.481,0.1444,6934,8331,262213.34
388,-220.8509,1.507233,8127.00,-19.526,0.1437,6934,8331,262213.34
389,-181.6992,1.581670,10400.35,-16.286,0.1430,6934,8331,262213.34
390,-212.2251,1.602707,7863.07,-19.873,0.1423,6934,8331,262213.34
391,-201.0656,1.549829,10680.34,-14.447,0.1416,6934,8331,262213.34
392,-216.4850,1.551629,8741.94,-18.588,0.1409,6934,8331,262213.34
393,-231.5301,1.581528,8354.33,-17.597,0.1402,6934,8331,262213.34
394,-241.8466,1.491776,8202.27,-18.733,0.1395,6934,8331,262213.34
395,-246.8479,1.509461,8743.97,-17.132,0.1388,6934,8331,262213.34
396,-209.2512,1.540312,9289.72,-18.737,0.1381,6934,8331,262213.34
397,-241.8743,1.574689,7264.55,-20.317,0.1374,6934,8331,262213.34
398,-244.1869,1.599400,8698.69,-20.731,0.1367,6934,8331,262213.34
399,-226.9775,1.487898,7288.20,-18.460,0.1360,6934,8331,262213.34
400,-211.0596,1.572019,10057.06,-17.249,0.1353,6934,8331,262213.34
401,-242.5359,1.504544,8480.77,-18.173,0.1347,6934,8331,262213.34
402,-227.7509,1.532718,8599.70,-18.245,0.1340,6934,8331,262213.34
403,-213.7642,1.492076,8560.41,-17.602,0.1333,6934,8331,262213.34
404,-201.6426,1.565836,9172.03,-17.580,0.1326,6934,8331,262213.34
405,-223.3931,1.582511,7973.87,-18.318,0.1320,6934,8331,262213.34
406,-225.4698,1.579680,9344.78,-18.448,0.1313,6934,8331,262213.34
407,-226.5390,1.570687,11878.49,-15.198,0.1307,6934,8331,262213.34
408,-224.1776,1.547843,9071.01,-17.852,0.1300,6934,8331,262213.34
409,-227.2494,1.545045,8787.81,-16.022,0.1294,6934,8331,262213.34
410,-214.0446,1.548483,8835.23,-18.512,0.1287,6934,8331,262213.34
411,-184.7568,1.618882,10098.02,-16.144,0.1281,6934,8331,262213.34
412,-218.5208,1.623450,8634.42,-17.673,0.1274,6934,8331,262213.34
413,-258.4998,1.615884,8809.11,-19.245,0.1268,6934,8331,262213.34
414,-222.8008,1.576775,8334.13,-18.302,0.1262,6934,8331,262213.34
415,-213.7117,1.584323,9417.80,-20.750,0.1255,6934,8331,262213.34
416,-195.5998,1.560935,10312.11,-16.229,0.1249,6934,8331,262213.34
417,-220.1969,1.581998,6915.20,-20.417,0.1243,6934,8331,262213.34
418,-232.2742,1.571184,8859.43,-18.486,0.1237,6934,8331,262213.34
419,-217.3442,1.563824,8015.76,-17.825,0.1230,6934,8331,262213.34
420,-226.5657,1.564941,9194.48,-18.158,0.1224,6934,8331,262213.34
421,-223.0795,1.548343,8375.42,-18.393,0.1218,6934,8331,262213.34
422,-196.0039,1.642680,10114.52,-17.312,0.1212,6934,8331,262213.34
423,-237.9400,1.541931,7856.95,-17.842,0.1206,6934,8331,262213.34
424,-263.7957,1.531128,8132.13,-21.381,0.1200,6934,8331,262213.34
425,-255.0239,1.581254,7524.24,-19.212,0.1194,6934,8331,262213.34
426,-209.3974,1.512497,9343.71,-17.609,0.1188,6934,8331,262213.34
427,-225.5329,1.573361,9050.50,-18.279,0.1182,6934,8331,262213.34
428,-231.7426,1.608922,8260.39,-16.340,0.1176,6934,8331,262213.34
429,-235.8546,1.534614,7842.33,-17.904,0.1170,6934,8331,262213.34
430,-229.7037,1.541749,7772.53,-18.053,0.1164,6934,8331,262213.34
431,-205.9951,1.577973,8975.80,-17.831,0.1159,6934,8331,262213.34
432,-245.4314,1.534752,8018.18,-20.811,0.1153,6934,8331,262213.34
433,-222.3784,1.592772,9061.36,-17.009,0.1147,6934,8331,262213.34
434,-236.1024,1.534834,9704.45,-15.952,0.1141,6934,8331,262213.34
435,-224.4115,1.597379,8938.19,-19.261,0.1136,6934,8331,262213.34
436,-226.5217,1.553481,8560.69,-18.791,0.1130,6934,8331,262213.34
437,-218.4180,1.583333,7780.92,-18.432,0.1124,6934,8331,262213.34
438,-214.3558,1.609369,8473.03,-17.902,0.1119,6934,8331,262213.34
439,-230.4558,1.586707,8624.77,-16.780,0.1113,6934,8331,262213.34
440,-205.4476,1.572104,9425.77,-18.276,0.1107,6934,8331,262213.34
441,-237.5710,1.566740,8994.29,-17.740,0.1102,6934,8331,262213.34
442,-228.8826,1.537395,9855.19,-16.648,0.1096,6934,8331,262213.34
443,-222.2640,1.469204,10134.12,-16.766,0.1091,6934,8331,262213.34
444,-211.1353,1.536732,8675.64,-17.100,0.1085,6934,8331,262213.34
445,-214.8245,1.481800,9325.57,-16.529,0.1080,6934,8331,262213.34
446,-211.9671,1.593696,8933.94,-17.592,0.1075,6934,8331,262213.34
447,-235.4019,1.500493,7919.87,-19.055,0.1069,6934,8331,262213.34
448,-241.3751,1.513190,10563.75,-16.711,0.1064,6934,8331,262213.34
449,-230.4375,1.513003,8808.75,-18.446,0.1059,6934,8331,262213.34
450,-195.2121,1.533724,9168.34,-17.127,0.1053,6934,8331,262213.34
451,-250.3885,1.580949,9917.90,-15.906,0.1048,6934,8331,262213.34
452,-243.5302,1.546897,9686.08,-15.763,0.1043,6934,8331,262213.34
453,-204.5486,1.537829,8840.79,-17.542,0.1038,6934,8331,262213.34
454,-227.9524,1.570460,9208.50,-18.112,0.1032,6934,8331,262213.34
455,-212.8378,1.530454,8302.92,-15.696,0.1027,6934,8331,262213.34
456,-244.1516,1.484212,8150.54,-18.963,0.1022,6934,8331,262213.34
457,-227.0481,1.538508,8454.87,-18.128,0.1017,6934,8331,262213.34
458,-211.6412,1.568436,8813.55,-18.300,0.1012,6934,8331,262213.34
459,-235.8925,1.524896,8268.99,-19.942,0.1007,6934,8331,262213.34
460,-224.0124,1.556696,8098.64,-18.733,0.1002,6934,8331,262213.34
461,-200.4194,1.578303,10563.22,-17.690,0.1000,6934,8331,262213.34
462,-220.9962,1.485396,9471.92,-17.652,0.1000,6934,8331,262213.34
463,-204.5939,1.586132,8667.89,-15.617,0.1000,6934,8331,262213.34
464,-212.8789,1.511889,8588.75,-17.363,0.1000,6934,8331,262213.34
465,-229.4337,1.534341,8503.14,-18.151,0.1000,6934,8331,262213.34
466,-211.8458,1.535261,8808.85,-18.853,0.1000,6934,8331,262213.34
467,-261.2804,1.557738,7991.85,-19.617,0.1000,6934,8331,262213.34
468,-239.2423,1.559743,8038.59,-17.761,0.1000,6934,8331,262213.34
469,-235.0602,1.512024,7776.21,-20.318,0.1000,6934,8331,262213.34
470,-225.6388,1.507860,8032.54,-18.821,0.1000,6934,8331,262213.34
471,-209.9129,1.511503,10669.20,-15.717,0.1000,6934,8331,262213.34
472,-250.5647,1.527255,7939.32,-18.451,0.1000,6934,8331,262213.34
473,-240.5895,1.581967,8554.92,-18.537,0.1000,6934,8331,262213.34
474,-244.5385,1.575296,7579.24,-19.592,0.1000,6934,8331,262213.34
475,-251.6613,1.498128,7752.03,-18.727,0.1000,6934,8331,262213.34
476,-220.2095,1.484172,8063.34,-17.602,0.1000,6934,8331,262213.34
477,-242.8948,1.572642,7987.40,-19.932,0.1000,6934,8331,262213.34
478,-223.5074,1.522385,9183.23,-18.406,0.1000,6934,8331,262213.34
479,-206.2452,1.549998,8767.62,-17.793,0.1000,6934,8331,262213.34
480,-253.7907,1.553234,10808.97,-15.748,0.1000,6934,8331,262213.34
481,-256.8481,1.622035,7966.46,-18.860,0.1000,6934,8331,262213.34
482,-211.2251,1.471987,8188.52,-19.177,0.1000,6934,8331,262213.34
483,-223.2196,1.489527,9158.01,-18.531,0.1000,6934,8331,262213.34
484,-227.5366,1.511509,8373.65,-20.879,0.1000,6934,8331,262213.34
485,-267.5425,1.535287,9618.57,-16.328,0.1000,6934,8331,262213.34
486,-231.2697,1.570351,9333.31,-19.250,0.1000,6934,8331,262213.34
487,-254.8303,1.497111,9828.93,-18.027,0.1000,6934,8331,262213.34
488,-229.4038,1.549413,8187.37,-19.592,0.1000,6934,8331,262213.34
489,-207.5401,1.491883,8221.22,-18.161,0.1000,6934,8331,262213.34
490,-232.2397,1.579891,9249.54,-17.740,0.1000,6934,8331,262213.34
491,-233.2636,1.583730,8655.05,-18.051,0.1000,6934,8331,262213.34
492,-237.0805,1.548780,8677.45,-16.743,0.1000,6934,8331,262213.34
493,-196.3449,1.597129,9046.44,-17.018,0.1000,6934,8331,262213.34
494,-204.8294,1.499627,11435.76,-16.608,0.1000,6934,8331,262213.34
495,-248.8097,1.536260,8968.35,-18.894,0.1000,6934,8331,262213.34
496,-233.2459,1.545355,8143.79,-18.101,0.1000,6934,8331,262213.34
497,-196.3939,1.575572,10211.27,-16.935,0.1000,6934,8331,262213.34
498,-275.0425,1.519946,8292.95,-19.433,0.1000,6934,8331,262213.34
499,-228.7891,1.500055,9972.34,-17.621,0.1000,6934,8331,262213.34
500,-227.8695,1.488770,8379.10,-17.463,0.1000,6934,8331,262213.34
501,-251.5090,1.525069,8226.72,-18.698,0.1000,6934,8331,262213.34
502,-243.8890,1.578893,9235.41,-19.670,0.1000,6934,8331,262213.34
503,-226.0966,1.567586,8759.17,-18.496,0.1000,6934,8331,262213.34
504,-226.0224,1.505907,8777.88,-16.905,0.1000,6934,8331,262213.34
505,-247.2014,1.479514,9005.62,-17.195,0.1000,6934,8331,262213.34
506,-242.5667,1.511510,9768.55,-18.303,0.1000,6934,8331,262213.34
507,-223.1377,1.483487,7866.32,-19.802,0.1000,6934,8331,262213.34
508,-219.5104,1.514343,8394.80,-19.169,0.1000,6934,8331,262213.34
509,-257.2456,1.537738,7758.07,-19.172,0.1000,6934,8331,262213.34
510,-216.3031,1.516343,8721.17,-19.056,0.1000,6934,8331,262213.34
511,-212.5904,1.560243,8752.21,-16.154,0.1000,6934,8331,262213.34
512,-201.2866,1.510321,10647.78,-15.643,0.1000,6934,8331,262213.34
513,-220.4975,1.538587,10241.52,-17.308,0.1000,6934,8331,262213.34
514,-206.5702,1.546066,8969.79,-18.674,0.1000,6934,8331,262213.34
515,-239.7043,1.508940,8049.64,-17.961,0.1000,6934,8331,262213.34
516,-220.3924,1.527605,9322.22,-18.873,0.1000,6934,8331,262213.34
517,-234.3467,1.539963,8393.69,-17.768,0.1000,6934,8331,262213.34
518,-219.8830,1.427895,7900.94,-18.498,0.1000,6934,8331,262213.34
519,-234.7883,1.509818,7644.89,-20.523,0.1000,6934,8331,262213.34
520,-219.6671,1.426935,9175.44,-18.599,0.1000,6934,8331,262213.34
521,-240.8643,1.587699,8186.86,-17.857,0.1000,6934,8331,262213.34
522,-222.2598,1.559511,9253.23,-18.168,0.1000,6934,8331,262213.34
523,-204.8521,1.479284,11044.81,-17.772,0.1000,6934,8331,262213.34
524,-204.8434,1.493862,9126.87,-18.587,0.1000,6934,8331,262213.34
525,-224.8120,1.515350,8458.38,-17.144,0.1000,6934,8331,262213.34
526,-205.8088,1.595967,8909.43,-18.120,0.1000,6934,8331,262213.34
527,-248.0715,1.534731,9821.89,-15.925,0.1000,6934,8331,262213.34
528,-242.4837,1.508318,9093.49,-18.199,0.1000,6934,8331,262213.34
529,-224.8490,1.567533,8490.79,-17.446,0.1000,6934,8331,262213.34
530,-226.1114,1.517918,7824.94,-19.768,0.1000,6934,8331,262213.34
531,-245.0428,1.546619,9688.70,-18.352,0.1000,6934,8331,262213.34
532,-237.5001,1.527952,8051.18,-20.056,0.1000,6934,8331,262213.34
533,-221.2728,1.505507,10585.30,-16.478,0.1000,6934,8331,262213.34
534,-240.1798,1.543478,8993.17,-19.365,0.1000,6934,8331,262213.34
535,-238.3253,1.547118,7973.10,-22.509,0.1000,6934,8331,262213.34
536,-210.9430,1.618876,7775.53,-19.187,0.1000,6934,8331,262213.34
537,-213.5227,1.585544,8445.62,-18.416,0.1000,6934,8331,262213.34
538,-210.6218,1.601325,8644.59,-19.649,0.1000,6934,8331,262213.34
539,-203.7049,1.526848,8958.03,-17.964,0.1000,6934,8331,262213.34
540,-194.5840,1.449596,8849.86,-17.454,0.1000,6934,8331,262213.34
541,-212.6658,1.561697,7957.69,-19.323,0.1000,6934,8331,262213.34
542,-243.4094,1.575564,8765.83,-18.974,0.1000,6934,8331,262213.34
543,-257.9692,1.522279,8864.12,-18.654,0.1000,6934,8331,262213.34
544,-242.9968,1.495368,7634.55,-19.317,0.1000,6934,8331,262213.34
545,-223.2381,1.515130,9794.66,-18.078,0.1000,6934,8331,262213.34
546,-226.4376,1.518421,7795.48,-19.087,0.1000,6934,8331,262213.34
547,-211.4367,1.544124,9007.86,-18.913,0.1000,6934,8331,262213.34
548,-239.4054,1.538569,7812.28,-20.456,0.1000,6934,8331,262213.34
549,-207.0592,1.603118,11519.46,-16.826,0.1000,6934,8331,262213.34
550,-206.3447,1.560373,8221.47,-19.406,0.1000,6934,8331,262213.34
551,-244.8804,1.576068,10887.07,-17.632,0.1000,6934,8331,262213.34
552,-200.3570,1.498932,9064.71,-16.760,0.1000,6934,8331,262213.34
553,-237.0878,1.511584,8480.71,-19.639,0.1000,6934,8331,262213.34
554,-192.3261,1.579364,9579.60,-17.486,0.1000,6934,8331,262213.34
555,-217.1606,1.539073,8412.34,-17.717,0.1000,6934,8331,262213.34
556,-236.4420,1.593365,9023.70,-18.915,0.1000,6934,8331,262213.34
557,-237.4338,1.565481,9673.62,-18.745,0.1000,6934,8331,262213.34
558,-221.0676,1.531301,10724.26,-16.083,0.1000,6934,8331,262213.34
559,-213.3650,1.570278,9725.73,-19.583,0.1000,6934,8331,262213.34
560,-221.1912,1.549988,8569.79,-19.386,0.1000,6934,8331,262213.34
561,-206.7169,1.524079,10625.70,-17.072,0.1000,6934,8331,262213.34
562,-223.2030,1.489017,9770.84,-17.392,0.1000,6934,8331,262213.34
563,-227.7486,1.526111,8765.49,-19.000,0.1000,6934,8331,262213.34
564,-208.7087,1.583632,8496.86,-16.600,0.1000,6934,8331,262213.34
565,-217.7501,1.506232,8561.54,-19.288,0.1000,6934,8331,262213.34
566,-216.3993,1.593272,8031.20,-19.172,0.1000,6934,8331,262213.34
567,-251.8562,1.492221,8894.56,-17.972,0.1000,6934,8331,262213.34
568,-251.5380,1.492305,9023.34,-16.842,0.1000,6934,8331,262213.34
569,-240.1861,1.504644,8951.13,-17.390,0.1000,6934,8331,262213.34
570,-247.6441,1.583905,8632.10,-19.005,0.1000,6934,8331,262213.34
571,-215.6023,1.564528,8264.20,-20.095,0.1000,6934,8331,262213.34
572,-219.9113,1.541790,9814.28,-15.501,0.1000,6934,8331,262213.34
573,-245.6323,1.600845,8490.23,-18.654,0.1000,6934,8331,262213.34
574,-233.6864,1.522660,7963.84,-18.673,0.1000,6934,8331,262213.34
575,-232.5688,1.553087,8657.44,-18.789,0.1000,6934,8331,262213.34
576,-229.8523,1.477398,8138.00,-19.547,0.1000,6934,8331,262213.34
577,-250.3327,1.479186,8314.67,-19.775,0.1000,6934,8331,262213.34
578,-217.7521,1.537882,8977.39,-16.150,0.1000,6934,8331,262213.34
579,-224.5002,1.498909,7811.86,-18.997,0.1000,6934,8331,262213.34
580,-230.4709,1.535728,9202.41,-18.416,0.1000,6934,8331,262213.34
581,-230.2011,1.451249,9513.61,-17.356,0.1000,6934,8331,262213.34
582,-242.4659,1.614112,7726.54,-19.050,0.1000,6934,8331,262213.34
583,-201.9424,1.434577,7613.06,-19.737,0.1000,6934,8331,262213.34
584,-222.2587,1.464628,8759.46,-19.792,0.1000,6934,8331,262213.34
585,-207.6047,1.477640,8098.90,-19.197,0.1000,6934,8331,262213.34
586,-195.9205,1.654148,10497.55,-16.306,0.1000,6934,8331,262213.34
587,-208.9013,1.578852,8761.47,-19.424,0.1000,6934,8331,262213.34
588,-253.0902,1.438003,9656.73,-18.308,0.1000,6934,8331,262213.34
589,-215.8859,1.545066,8695.97,-19.395,0.1000,6934,8331,262213.34
590,-205.9594,1.560018,8651.04,-18.163,0.1000,6934,8331,262213.34
591,-218.1315,1.514938,8627.30,-19.553,0.1000,6934,8331,262213.34
592,-216.5890,1.501681,8861.51,-18.109,0.1000,6934,8331,262213.34
593,-220.3490,1.630301,8498.96,-18.437,0.1000,6934,8331,262213.34
594,-208.6299,1.573319,9072.81,-17.812,0.1000,6934,8331,262213.34
595,-250.1950,1.489296,7788.89,-19.903,0.1000,6934,8331,262213.34
596,-241.4242,1.534316,8187.89,-19.463,0.1000,6934,8331,262213.34
597,-251.6028,1.606456,8129.19,-19.235,0.1000,6934,8331,262213.34
598,-224.9653,1.510983,9518.35,-17.084,0.1000,6934,8331,262213.34
599,-218.3780,1.541565,9555.96,-17.556,0.1000,6934,8331,262213.34
600,-201.4695,1.578582,8612.86,-18.419,0.1000,6934,8331,262213.34
601,-255.6131,1.512552,10502.70,-16.813,0.1000,6934,8331,262213.34
602,-251.0337,1.620820,7682.86,-19.030,0.1000,6934,8331,262213.34
603,-245.6608,1.505339,9644.05,-17.906,0.1000,6934,8331,262213.34
604,-201.6061,1.575648,9236.43,-18.597,0.1000,6934,8331,262213.34
605,-228.3649,1.534286,8228.90,-17.630,0.1000,6934,8331,262213.34
606,-226.2116,1.580427,8599.22,-18.672,0.1000,6934,8331,262213.34
607,-253.0027,1.503475,8645.52,-19.140,0.1000,6934,8331,262213.34
608,-245.8832,1.531848,10486.12,-18.785,0.1000,6934,8331,262213.34
609,-244.6258,1.581782,7681.44,-19.284,0.1000,6934,8331,262213.34
610,-211.4308,1.477526,8455.31,-18.224,0.1000,6934,8331,262213.34
611,-215.1782,1.573862,8012.26,-19.160,0.1000,6934,8331,262213.34
612,-228.6013,1.517311,8638.64,-17.802,0.1000,6934,8331,262213.34
613,-236.6683,1.525839,8863.45,-19.070,0.1000,6934,8331,262213.34
614,-261.6616,1.575843,7726.03,-19.619,0.1000,6934,8331,262213.34
615,-238.0230,1.535537,8614.95,-18.118,0.1000,6934,8331,262213.34
616,-233.3087,1.504712,8653.12,-19.485,0.1000,6934,8331,262213.34
617,-205.9547,1.596183,8380.82,-16.875,0.1000,6934,8331,262213.34
618,-209.0224,1.544395,8544.35,-17.203,0.1000,6934,8331,262213.34
619,-234.5621,1.583060,8888.47,-17.887,0.1000,6934,8331,262213.34
620,-218.4628,1.568457,8203.34,-17.877,0.1000,6934,8331,262213.34
621,-173.0707,1.515362,9064.02,-18.569,0.1000,6934,8331,262213.34
622,-241.0329,1.562736,7522.31,-20.229,0.1000,6934,8331,262213.34
623,-223.7514,1.523466,7682.75,-20.730,0.1000,6934,8331,262213.34
624,-234.1534,1.514028,8673.89,-18.042,0.1000,6934,8331,262213.34
625,-200.8217,1.473220,8469.18,-18.376,0.1000,6934,8331,262213.34
626,-223.5147,1.470923,9832.13,-16.327,0.1000,6934,8331,262213.34
627,-207.8869,1.519819,8167.87,-18.728,0.1000,6934,8331,262213.34
628,-235.1661,1.554906,7484.44,-19.337,0.1000,6934,8331,262213.34
629,-204.6815,1.524842,10032.38,-14.708,0.1000,6934,8331,262213.34
630,-217.9947,1.550241,8283.08,-17.780,0.1000,6934,8331,262213.34
631,-228.8806,1.467002,8301.75,-19.608,0.1000,6934,8331,262213.34
632,-234.1245,1.507587,8940.97,-16.220,0.1000,6934,8331,262213.34
633,-219.6189,1.480497,8957.84,-17.346,0.1000,6934,8331,262213.34
634,-260.4465,1.579118,7862.59,-17.876,0.1000,6934,8331,262213.34
635,-222.7031,1.479590,7856.44,-18.835,0.1000,6934,8331,262213.34
636,-239.8322,1.575601,9497.95,-18.609,0.1000,6934,8331,262213.34
637,-233.4482,1.517788,8471.43,-19.610,0.1000,6934,8331,262213.34
638,-238.4268,1.519824,9312.92,-17.525,0.1000,6934,8331,262213.34
639,-218.4111,1.583112,8775.95,-18.492,0.1000,6934,8331,262213.34
640,-257.0891,1.598915,8341.14,-19.167,0.1000,6934,8331,262213.34
641,-230.0685,1.477443,8715.72,-18.457,0.1000,6934,8331,262213.34
642,-237.4149,1.468745,9984.36,-17.388,0.1000,6934,8331,262213.34
643,-234.4915,1.581586,8410.39,-19.124,0.1000,6934,8331,262213.34
644,-202.7979,1.476016,10688.73,-16.367,0.1000,6934,8331,262213.34
645,-241.6131,1.558087,8718.28,-18.379,0.1000,6934,8331,262213.34
646,-224.1826,1.527481,8211.96,-18.863,0.1000,6934,8331,262213.34
647,-206.7778,1.416873,10494.43,-15.421,0.1000,6934,8331,262213.34
648,-213.0575,1.545097,10139.55,-16.462,0.1000,6934,8331,262213.34
649,-214.1238,1.458213,8271.07,-18.650,0.1000,6934,8331,262213.34
650,-256.9730,1.506615,8585.56,-19.221,0.1000,6934,8331,262213.34
651,-216.4894,1.528700,8488.39,-18.883,0.1000,6934,8331,262213.34
652,-236.6539,1.619714,7366.62,-19.095,0.1000,6934,8331,262213.34
653,-217.2361,1.487871,10591.16,-16.547,0.1000,6934,8331,262213.34
654,-217.3100,1.510604,7709.98,-18.845,0.1000,6934,8331,262213.34
655,-235.4351,1.592861,10356.59,-15.049,0.1000,6934,8331,262213.34
656,-216.6718,1.461463,7683.40,-21.193,0.1000,6934,8331,262213.34
657,-236.2606,1.532377,8658.81,-18.905,0.1000,6934,8331,262213.34
658,-195.3924,1.514249,10160.79,-16.448,0.1000,6934,8331,262213.34
659,-240.1355,1.552229,9187.33,-18.171,0.1000,6934,8331,262213.34
660,-222.7670,1.592310,9391.81,-18.148,0.1000,6934,8331,262213.34
661,-229.3555,1.513711,8061.88,-17.547,0.1000,6934,8331,262213.34
662,-217.9753,1.480702,7627.01,-19.122,0.1000,6934,8331,262213.34
663,-228.8327,1.512216,7990.22,-18.763,0.1000,6934,8331,262213.34
664,-218.2381,1.535231,8006.68,-17.105,0.1000,6934,8331,262213.34
665,-243.1314,1.525912,8920.37,-16.682,0.1000,6934,8331,262213.34
666,-229.4073,1.453448,9028.10,-18.327,0.1000,6934,8331,262213.34
667,-248.2349,1.583190,9509.53,-15.525,0.1000,6934,8331,262213.34
668,-242.8612,1.495405,9412.31,-17.625,0.1000,6934,8331,262213.34
669,-221.3396,1.539788,8289.07,-18.559,0.1000,6934,8331,262213.34
670,-220.7702,1.449337,8740.60,-19.206,0.1000,6934,8331,262213.34
671,-206.0199,1.511864,9379.97,-18.204,0.1000,6934,8331,262213.34
672,-225.5005,1.547336,10007.66,-18.822,0.1000,6934,8331,262213.34
673,-203.3293,1.499157,9464.03,-17.674,0.1000,6934,8331,262213.34
674,-195.6557,1.429924,8419.15,-17.796,0.1000,6934,8331,262213.34
675,-255.5621,1.528863,8869.70,-18.716,0.1000,6934,8331,262213.34
676,-226.0939,1.537578,7655.36,-19.735,0.1000,6934,8331,262213.34
677,-227.4095,1.482077,8755.09,-17.332,0.1000,6934,8331,262213.34
678,-226.2529,1.499859,8726.41,-20.495,0.1000,6934,8331,262213.34
679,-227.3262,1.456359,8507.47,-19.402,0.1000,6934,8331,262213.34
680,-259.3251,1.571058,7716.23,-21.255,0.1000,6934,8331,262213.34
681,-202.3147,1.509637,10145.23,-17.909,0.1000,6934,8331,262213.34
682,-253.9944,1.481611,7496.91,-20.092,0.1000,6934,8331,262213.34
683,-218.8278,1.534130,8031.28,-18.967,0.1000,6934,8331,262213.34
684,-252.6565,1.562611,8398.62,-19.630,0.1000,6934,8331,262213.34
685,-219.5137,1.550289,9330.20,-18.132,0.1000,6934,8331,262213.34
686,-256.4174,1.582492,8529.08,-16.272,0.1000,6934,8331,262213.34
687,-223.9405,1.580474,7975.86,-20.362,0.1000,6934,8331,262213.34
688,-219.4038,1.563415,8075.64,-19.231,0.1000,6934,8331,262213.34
689,-206.5988,1.525070,7815.96,-18.939,0.1000,6934,8331,262213.34
690,-234.5210,1.588664,11386.55,-15.198,0.1000,6934,8331,262213.34
691,-241.2327,1.460010,8162.33,-18.746,0.1000,6934,8331,262213.34
692,-234.0923,1.538197,8469.09,-17.441,0.1000,6934,8331,262213.34
693,-225.3367,1.502960,7927.35,-18.263,0.1000,6934,8331,262213.34
694,-218.9202,1.497970,10177.57,-17.925,0.1000,6934,8331,262213.34
695,-216.8877,1.477350,9006.28,-16.825,0.1000,6934,8331,262213.34
696,-204.2228,1.477302,10177.22,-18.300,0.1000,6934,8331,262213.34
697,-241.6961,1.486974,8719.43,-19.500,0.1000,6934,8331,262213.34
698,-236.0699,1.584183,9124.21,-17.647,0.1000,6934,8331,262213.34
699,-254.7963,1.508877,7790.91,-18.451,0.1000,6934,8331,262213.34
700,-218.9983,1.509575,8064.43,-18.688,0.1000,6934,8331,262213.34
701,-233.4627,1.570673,8442.82,-15.608,0.1000,6934,8331,262213.34
702,-208.5793,1.517081,9007.56,-17.151,0.1000,6934,8331,262213.34
703,-232.7372,1.493226,7228.85,-19.130,0.1000,6934,8331,262213.34
704,-224.7421,1.581672,8621.05,-19.320,0.1000,6934,8331,262213.34
705,-238.4101,1.597200,8306.52,-19.618,0.1000,6934,8331,262213.34
706,-215.0327,1.506256,9521.99,-18.497,0.1000,6934,8331,262213.34
707,-235.1692,1.569466,8162.84,-19.589,0.1000,6934,8331,262213.34
708,-225.0524,1.450086,10164.03,-18.173,0.1000,6934,8331,262213.34
709,-221.3748,1.497534,10392.34,-16.689,0.1000,6934,8331,262213.34
710,-236.4311,1.467951,8695.48,-17.070,0.1000,6934,8331,262213.34
711,-209.0250,1.497121,8671.01,-18.611,0.1000,6934,8331,262213.34
712,-229.9994,1.517191,7904.27,-18.822,0.1000,6934,8331,262213.34
713,-223.7180,1.507282,9054.19,-18.354,0.1000,6934,8331,262213.34
714,-250.6425,1.555935,8690.12,-17.923,0.1000,6934,8331,262213.34
715,-231.9934,1.457053,8053.63,-19.500,0.1000,6934,8331,262213.34
716,-224.0809,1.515154,8362.50,-19.160,0.1000,6934,8331,262213.34
717,-230.5463,1.519448,9037.97,-18.502,0.1000,6934,8331,262213.34
718,-229.9555,1.503781,8126.32,-19.731,0.1000,6934,8331,262213.34
719,-220.2739,1.483430,8580.32,-19.181,0.1000,6934,8331,262213.34
720,-228.3601,1.467142,8131.30,-18.233,0.1000,6934,8331,262213.34
721,-237.8670,1.425939,8824.31,-17.320,0.1000,6934,8331,262213.34
722,-236.0874,1.525089,9213.55,-18.916,0.1000,6934,8331,262213.34
723,-217.1794,1.491746,8692.98,-18.458,0.1000,6934,8331,262213.34
724,-194.4524,1.489770,9906.79,-15.960,0.1000,6934,8331,262213.34
725,-213.5700,1.566813,8614.23,-18.577,0.1000,6934,8331,262213.34
726,-225.9585,1.445749,8183.28,-16.840,0.1000,6934,8331,262213.34
727,-232.9508,1.538429,8914.05,-20.429,0.1000,6934,8331,262213.34
728,-214.1893,1.458494,9357.95,-17.670,0.1000,6934,8331,262213.34
729,-208.2620,1.576764,8645.82,-18.719,0.1000,6934,8331,262213.34
730,-252.7310,1.544954,10344.27,-17.393,0.1000,6934,8331,262213.34
731,-235.3404,1.459622,8622.15,-20.674,0.1000,6934,8331,262213.34
732,-197.0533,1.476745,8491.25,-17.811,0.1000,6934,8331,262213.34
733,-218.1197,1.545222,8944.71,-16.471,0.1000,6934,8331,262213.34
734,-202.9531,1.593947,11047.37,-17.491,0.1000,6934,8331,262213.34
735,-205.7750,1.442873,9412.33,-17.416,0.1000,6934,8331,262213.34
736,-220.4524,1.548583,8616.49,-17.804,0.1000,6934,8331,262213.34
737,-219.1548,1.567146,8427.51,-17.705,0.1000,6934,8331,262213.34
738,-216.7989,1.489298,9557.87,-16.335,0.1000,6934,8331,262213.34
739,-240.3413,1.522819,10602.18,-17.482,0.1000,6934,8331,262213.34
740,-207.4225,1.507496,10188.31,-16.323,0.1000,6934,8331,262213.34
741,-202.1547,1.450507,8374.48,-18.814,0.1000,6934,8331,262213.34
742,-218.8593,1.487134,7912.75,-20.094,0.1000,6934,8331,262213.34
743,-257.9888,1.513771,8707.59,-19.375,0.1000,6934,8331,262213.34
744,-237.2397,1.489493,9316.33,-16.663,0.1000,6934,8331,262213.34
745,-255.3342,1.509228,10019.91,-15.555,0.1000,6934,8331,262213.34
746,-239.8513,1.445624,8621.57,-17.205,0.1000,6934,8331,262213.34
747,-236.3754,1.566611,9265.35,-18.437,0.1000,6934,8331,262213.34
748,-226.0403,1.507559,8275.35,-17.058,0.1000,6934,8331,262213.34
749,-245.9761,1.465534,8528.99,-18.538,0.1000,6934,8331,262213.34
750,-205.4588,1.472346,8382.47,-17.352,0.1000,6934,8331,262213.34
751,-200.3463,1.444636,9115.96,-17.702,0.1000,6934,8331,262213.34
752,-220.2581,1.489248,10964.04,-15.688,0.1000,6934,8331,262213.34
753,-237.6922,1.471971,8929.86,-18.562,0.1000,6934,8331,262213.34
754,-210.9535,1.508360,10063.16,-15.566,0.1000,6934,8331,262213.34
755,-202.5998,1.502289,9077.25,-16.394,0.1000,6934,8331,262213.34
756,-238.1489,1.555180,8024.89,-18.598,0.1000,6934,8331,262213.34
757,-226.8956,1.522298,9394.80,-17.672,0.1000,6934,8331,262213.34
758,-215.1265,1.520557,7455.95,-19.116,0.1000,6934,8331,262213.34
759,-236.6511,1.529245,8855.24,-17.970,0.1000,6934,8331,262213.34
760,-233.2390,1.501891,8451.80,-17.779,0.1000,6934,8331,262213.34
761,-239.4940,1.559531,9044.84,-15.780,0.1000,6934,8331,262213.34
762,-216.6801,1.525558,8877.42,-16.701,0.1000,6934,8331,262213.34
763,-226.2295,1.557582,8691.54,-17.772,0.1000,6934,8331,262213.34
764,-202.0774,1.493644,9067.78,-18.374,0.1000,6934,8331,262213.34
765,-217.4332,1.581116,8590.24,-16.502,0.1000,6934,8331,262213.34
766,-246.0984,1.496282,9907.14,-15.743,0.1000,6934,8331,262213.34
767,-236.4827,1.509548,8491.78,-17.908,0.1000,6934,8331,262213.34
768,-212.2912,1.531885,9646.42,-18.677,0.1000,6934,8331,262213.34
769,-213.7383,1.507567,8839.64,-18.369,0.1000,6934,8331,262213.34
770,-242.1182,1.544181,9694.69,-17.040,0.1000,6934,8331,262213.34
771,-211.9527,1.541673,7934.35,-17.484,0.1000,6934,8331,262213.34
772,-239.7923,1.477779,9555.17,-17.594,0.1000,6934,8331,262213.34
773,-229.1181,1.582125,8116.09,-17.858,0.1000,6934,8331,262213.34
774,-216.2368,1.554274,8444.32,-17.551,0.1000,6934,8331,262213.34
775,-206.1105,1.516072,8455.82,-18.905,0.1000,6934,8331,262213.34
776,-230.4694,1.509526,7787.84,-18.992,0.1000,6934,8331,262213.34
777,-262.3780,1.493488,9843.50,-19.231,0.1000,6934,8331,262213.34
778,-218.8046,1.480295,8964.52,-16.869,0.1000,6934,8331,262213.34
779,-198.5821,1.516932,11165.44,-16.257,0.1000,6934,8331,262213.34
780,-232.3495,1.631965,8996.67,-17.782,0.1000,6934,8331,262213.34
781,-202.5068,1.597114,9993.41,-14.723,0.1000,6934,8331,262213.34
782,-213.3374,1.477594,9589.69,-17.974,0.1000,6934,8331,262213.34
783,-230.4453,1.478044,9131.49,-18.817,0.1000,6934,8331,262213.34
784,-221.4889,1.470326,8756.54,-18.004,0.1000,6934,8331,262213.34
785,-233.1067,1.512528,7839.02,-18.093,0.1000,6934,8331,262213.34
786,-219.9924,1.508350,9730.37,-17.504,0.1000,6934,8331,262213.34
787,-251.1771,1.508705,8999.92,-17.732,0.1000,6934,8331,262213.34
788,-204.2719,1.529204,10105.86,-17.790,0.1000,6934,8331,262213.34
789,-216.6022,1.422687,8214.68,-19.310,0.1000,6934,8331,262213.34
790,-241.0922,1.545111,7872.66,-16.973,0.1000,6934,8331,262213.34
791,-223.1363,1.474491,7630.33,-20.736,0.1000,6934,8331,262213.34
792,-255.7027,1.561859,10479.76,-16.005,0.1000,6934,8331,262213.34
793,-229.8043,1.502151,10262.06,-15.315,0.1000,6934,8331,262213.34
794,-242.9400,1.539450,8731.30,-19.007,0.1000,6934,8331,262213.34
795,-209.5693,1.542174,8524.76,-18.688,0.1000,6934,8331,262213.34
796,-221.6445,1.571139,9848.42,-16.815,0.1000,6934,8331,262213.34
797,-208.8502,1.586651,9570.81,-16.702,0.1000,6934,8331,262213.34
798,-223.5892,1.549578,8598.64,-17.426,0.1000,6934,8331,262213.34
799,-210.9671,1.445634,8719.45,-17.650,0.1000,6934,8331,262213.34
800,-236.5722,1.525403,8465.02,-18.606,0.1000,6934,8331,262213.34
801,-195.2436,1.537742,10739.60,-17.163,0.1000,6934,8331,262213.34
802,-201.1024,1.528557,9174.91,-17.594,0.1000,6934,8331,262213.34
803,-182.7812,1.466014,11190.72,-15.461,0.1000,6934,8331,262213.34
804,-215.4830,1.528415,9727.37,-16.156,0.1000,6934,8331,262213.34
805,-225.0228,1.497829,10664.26,-17.560,0.1000,6934,8331,262213.34
806,-220.1107,1.593070,11293.99,-17.570,0.1000,6934,8331,262213.34
807,-227.6767,1.543806,8333.83,-17.852,0.1000,6934,8331,262213.34
808,-199.2889,1.528711,10672.18,-16.762,0.1000,6934,8331,262213.34
809,-247.2984,1.432637,8013.18,-20.656,0.1000,6934,8331,262213.34
810,-254.9037,1.579986,8015.39,-20.046,0.1000,6934,8331,262213.34
811,-203.5473,1.458991,8815.84,-18.212,0.1000,6934,8331,262213.34
812,-221.2185,1.462161,8463.31,-18.888,0.1000,6934,8331,262213.34
813,-209.5072,1.494924,8313.22,-17.554,0.1000,6934,8331,262213.34
814,-217.7561,1.499975,8739.38,-18.654,0.1000,6934,8331,262213.34
815,-212.3019,1.552155,8948.00,-18.326,0.1000,6934,8331,262213.34
816,-247.7340,1.496232,8834.13,-17.073,0.1000,6934,8331,262213.34
817,-241.9948,1.525435,8474.33,-17.255,0.1000,6934,8331,262213.34
818,-218.0938,1.531998,8997.35,-16.909,0.1000,6934,8331,262213.34
819,-225.3965,1.537545,9387.17,-17.242,0.1000,6934,8331,262213.34
820,-231.2848,1.567976,9077.05,-20.382,0.1000,6934,8331,262213.34
821,-233.8668,1.487922,7716.91,-18.000,0.1000,6934,8331,262213.34
822,-207.3531,1.607010,8426.54,-17.681,0.1000,6934,8331,262213.34
823,-209.8472,1.474139,8360.38,-18.196,0.1000,6934,8331,262213.34
824,-222.1320,1.535062,7556.24,-18.640,0.1000,6934,8331,262213.34
825,-212.7834,1.530023,8146.83,-18.895,0.1000,6934,8331,262213.34
826,-217.0623,1.585133,9536.11,-19.233,0.1000,6934,8331,262213.34
827,-229.3068,1.533345,7579.28,-18.672,0.1000,6934,8331,262213.34
828,-208.1984,1.568552,8214.78,-19.554,0.1000,6934,8331,262213.34
829,-228.9234,1.470563,7924.65,-19.376,0.1000,6934,8331,262213.34
830,-196.3432,1.577947,8802.39,-18.555,0.1000,6934,8331,262213.34
831,-217.1987,1.487167,8547.35,-18.427,0.1000,6934,8331,262213.34
832,-209.5495,1.531691,9394.59,-17.292,0.1000,6934,8331,262213.34
833,-267.0251,1.603477,10697.21,-15.735,0.1000,6934,8331,262213.34
834,-218.3588,1.468377,9909.01,-16.376,0.1000,6934,8331,262213.34
835,-227.4433,1.514295,9102.93,-16.168,0.1000,6934,8331,262213.34
836,-231.5261,1.467310,8073.65,-19.741,0.1000,6934,8331,262213.34
837,-219.0339,1.509223,7802.66,-19.390,0.1000,6934,8331,262213.34
838,-211.1328,1.499758,9808.23,-18.890,0.1000,6934,8331,262213.34
839,-207.8123,1.472199,11268.38,-15.511,0.1000,6934,8331,262213.34
840,-214.3846,1.537232,8256.35,-17.352,0.1000,6934,8331,262213.34
841,-212.7649,1.495854,8378.19,-17.156,0.1000,6934,8331,262213.34
842,-226.9833,1.587109,8073.01,-17.465,0.1000,6934,8331,262213.34
843,-207.2795,1.553087,8989.73,-18.810,0.1000,6934,8331,262213.34
844,-244.6791,1.430265,8539.17,-18.505,0.1000,6934,8331,262213.34
845,-219.5428,1.531515,8341.76,-16.624,0.1000,6934,8331,262213.34
846,-208.5199,1.555494,10185.81,-17.020,0.1000,6934,8331,262213.34
847,-233.3773,1.472442,8684.81,-18.083,0.1000,6934,8331,262213.34
848,-227.4604,1.490248,8678.58,-17.367,0.1000,6934,8331,262213.34
849,-257.1436,1.541195,8532.82,-18.964,0.1000,6934,8331,262213.34
850,-217.0226,1.520166,8868.82,-17.190,0.1000,6934,8331,262213.34
851,-219.3202,1.516823,10338.38,-16.261,0.1000,6934,8331,262213.34
852,-218.4747,1.483316,8288.67,-18.601,0.1000,6934,8331,262213.34
853,-194.7941,1.558946,9499.74,-18.804,0.1000,6934,8331,262213.34
854,-238.1087,1.457687,8236.84,-19.505,0.1000,6934,8331,262213.34
855,-237.0538,1.483104,9357.45,-18.327,0.1000,6934,8331,262213.34
856,-221.7063,1.536931,9091.76,-19.686,0.1000,6934,8331,262213.34
857,-235.8838,1.517690,8765.81,-17.882,0.1000,6934,8331,262213.34
858,-212.3335,1.429207,9307.83,-16.650,0.1000,6934,8331,262213.34
859,-208.5785,1.529341,7879.58,-18.990,0.1000,6934,8331,262213.34
860,-221.1601,1.438895,9160.09,-18.759,0.1000,6934,8331,262213.34
861,-217.0510,1.501657,8863.90,-17.368,0.1000,6934,8331,262213.34
862,-224.0152,1.484588,8832.31,-18.591,0.1000,6934,8331,262213.34
863,-227.0092,1.538390,8239.53,-19.086,0.1000,6934,8331,262213.34
864,-204.0054,1.595029,7895.21,-18.341,0.1000,6934,8331,262213.34
865,-217.8057,1.518032,9048.93,-17.785,0.1000,6934,8331,262213.34
866,-213.9304,1.534974,8544.07,-17.961,0.1000,6934,8331,262213.34
867,-252.0080,1.512141,8735.97,-19.757,0.1000,6934,8331,262213.34
868,-231.2460,1.529331,8554.16,-19.323,0.1000,6934,8331,262213.34
869,-197.7661,1.553231,9098.76,-18.911,0.1000,6934,8331,262213.34
870,-245.4024,1.497297,11303.27,-17.182,0.1000,6934,8331,262213.34
871,-224.3572,1.472381,9076.54,-17.859,0.1000,6934,8331,262213.34
872,-204.4972,1.588515,7950.11,-19.143,0.1000,6934,8331,262213.34
873,-240.6635,1.473082,7543.21,-19.256,0.1000,6934,8331,262213.34
874,-244.4984,1.514194,7967.77,-18.554,0.1000,6934,8331,262213.34
875,-228.2594,1.578501,8296.84,-17.359,0.1000,6934,8331,262213.34
876,-222.0856,1.539509,7963.91,-19.241,0.1000,6934,8331,262213.34
877,-239.3264,1.475704,8658.41,-19.685,0.1000,6934,8331,262213.34
878,-235.4622,1.560414,8724.56,-19.600,0.1000,6934,8331,262213.34
879,-223.7659,1.563683,9193.84,-16.778,0.1000,6934,8331,262213.34
880,-204.2218,1.492097,9764.50,-17.867,0.1000,6934,8331,262213.34
881,-209.3462,1.521743,9726.13,-16.252,0.1000,6934,8331,262213.34
882,-227.3951,1.542868,10082.34,-16.075,0.1000,6934,8331,262213.34
883,-206.8438,1.475042,8978.09,-17.808,0.1000,6934,8331,262213.34
884,-229.1998,1.496610,7965.41,-18.845,0.1000,6934,8331,262213.34
885,-229.6989,1.529249,7968.88,-19.041,0.1000,6934,8331,262213.34
886,-218.8858,1.566585,8488.84,-16.850,0.1000,6934,8331,262213.34
887,-222.2771,1.465604,9046.53,-17.599,0.1000,6934,8331,262213.34
888,-230.1872,1.415569,8429.04,-17.527,0.1000,6934,8331,262213.34
889,-259.7758,1.448235,8189.91,-19.012,0.1000,6934,8331,262213.34
890,-223.1515,1.457399,9025.51,-16.302,0.1000,6934,8331,262213.34
891,-222.3527,1.465838,9336.89,-17.427,0.1000,6934,8331,262213.34
892,-238.2658,1.476689,8431.34,-19.479,0.1000,6934,8331,262213.34
893,-213.3100,1.454350,8623.41,-18.515,0.1000,6934,8331,262213.34
894,-228.0968,1.515625,8472.86,-18.975,0.1000,6934,8331,262213.34
895,-222.5625,1.510293,8378.37,-16.760,0.1000,6934,8331,262213.34
896,-256.0762,1.508894,8398.52,-18.092,0.1000,6934,8331,262213.34
897,-207.5962,1.402731,8652.14,-19.376,0.1000,6934,8331,262213.34
898,-199.0963,1.529966,8484.30,-17.398,0.1000,6934,8331,262213.34
899,-245.4074,1.526001,9951.39,-16.550,0.1000,6934,8331,262213.34
900,-210.8441,1.491168,10124.76,-16.857,0.1000,6934,8331,262213.34
901,-216.8103,1.450271,8595.86,-19.451,0.1000,6934,8331,262213.34
902,-244.1073,1.484252,7657.22,-19.275,0.1000,6934,8331,262213.34
903,-182.1031,1.564560,10051.60,-17.783,0.1000,6934,8331,262213.34
904,-247.7194,1.481061,9214.41,-16.257,0.1000,6934,8331,262213.34
905,-234.2210,1.544696,8479.81,-17.715,0.1000,6934,8331,262213.34
906,-222.3934,1.498199,9700.17,-16.390,0.1000,6934,8331,262213.34
907,-243.6286,1.524051,8897.48,-17.334,0.1000,6934,8331,262213.34
908,-237.1858,1.481182,8898.14,-17.333,0.1000,6934,8331,262213.34
909,-216.2391,1.503046,8085.00,-19.130,0.1000,6934,8331,262213.34
910,-207.4508,1.522503,10277.43,-15.392,0.1000,6934,8331,262213.34
911,-239.6743,1.486359,8925.04,-17.718,0.1000,6934,8331,262213.34
912,-206.9673,1.525074,8897.78,-16.313,0.1000,6934,8331,262213.34
913,-210.4670,1.492418,9601.83,-18.575,0.1000,6934,8331,262213.34
914,-205.7762,1.495680,10074.83,-16.041,0.1000,6934,8331,262213.34
915,-212.5866,1.483640,8338.51,-15.714,0.1000,6934,8331,262213.34
916,-215.1995,1.467997,8915.39,-18.935,0.1000,6934,8331,262213.34
917,-242.6052,1.510924,8087.56,-20.312,0.1000,6934,8331,262213.34
918,-219.8304,1.557042,8777.01,-19.075,0.1000,6934,8331,262213.34
919,-221.4841,1.498889,7958.24,-19.159,0.1000,6934,8331,262213.34
920,-240.9947,1.472535,8794.86,-16.166,0.1000,6934,8331,262213.34
921,-215.9928,1.513624,8629.42,-16.629,0.1000,6934,8331,262213.34
922,-233.2848,1.504836,8518.86,-17.375,0.1000,6934,8331,262213.34
923,-231.4473,1.544818,9478.63,-19.147,0.1000,6934,8331,262213.34
924,-227.3335,1.503643,8667.98,-19.701,0.1000,6934,8331,262213.34
925,-225.9459,1.473656,8824.12,-18.078,0.1000,6934,8331,262213.34
926,-233.6038,1.427956,8217.74,-17.851,0.1000,6934,8331,262213.34
927,-222.6236,1.524025,9330.13,-17.222,0.1000,6934,8331,262213.34
928,-212.1879,1.490520,10589.94,-16.218,0.1000,6934,8331,262213.34
929,-218.5895,1.447795,9234.97,-17.513,0.1000,6934,8331,262213.34
930,-216.6615,1.428254,8692.41,-16.947,0.1000,6934,8331,262213.34
931,-233.5675,1.498510,10753.38,-17.058,0.1000,6934,8331,262213.34
932,-247.4408,1.477917,10296.45,-17.190,0.1000,6934,8331,262213.34
933,-256.7554,1.496774,8912.52,-18.277,0.1000,6934,8331,262213.34
934,-194.3002,1.528642,7712.36,-18.646,0.1000,6934,8331,262213.34
935,-224.5648,1.476907,8571.99,-18.379,0.1000,6934,8331,262213.34
936,-240.7316,1.467120,10807.09,-15.928,0.1000,6934,8331,262213.34
937,-228.9805,1.539811,7513.39,-18.378,0.1000,6934,8331,262213.34
938,-232.1523,1.475446,8072.78,-17.905,0.1000,6934,8331,262213.34
939,-209.9324,1.521583,8737.39,-18.625,0.1000,6934,8331,262213.34
940,-236.5515,1.491579,7829.46,-19.685,0.1000,6934,8331,262213.34
941,-254.9980,1.450491,8647.64,-17.651,0.1000,6934,8331,262213.34
942,-222.8948,1.451225,8851.60,-17.926,0.1000,6934,8331,262213.34
943,-237.7235,1.545094,8728.83,-19.210,0.1000,6934,8331,262213.34
944,-211.3492,1.487880,8346.75,-17.815,0.1000,6934,8331,262213.34
945,-221.4090,1.472609,7579.85,-18.220,0.1000,6934,8331,262213.34
946,-230.0156,1.498415,8699.33,-18.962,0.1000,6934,8331,262213.34
947,-201.6631,1.517567,10270.50,-18.138,0.1000,6934,8331,262213.34
948,-256.2166,1.475043,8519.61,-17.748,0.1000,6934,8331,262213.34
949,-234.9352,1.505554,9495.52,-19.643,0.1000,6934,8331,262213.34
950,-188.9828,1.553546,10521.34,-17.410,0.1000,6934,8331,262213.34
951,-218.8316,1.499134,10552.27,-15.927,0.1000,6934,8331,262213.34
952,-235.7198,1.534565,7791.72,-21.494,0.1000,6934,8331,262213.34
953,-215.7599,1.427156,7387.54,-20.092,0.1000,6934,8331,262213.34
954,-242.6448,1.494044,8414.04,-17.542,0.1000,6934,8331,262213.34
955,-220.5185,1.477638,8737.86,-17.449,0.1000,6934,8331,262213.34
956,-230.1097,1.550209,8478.77,-18.570,0.1000,6934,8331,262213.34
957,-240.2263,1.471958,8607.44,-18.621,0.1000,6934,8331,262213.34
958,-250.1407,1.531500,8204.53,-20.063,0.1000,6934,8331,262213.34
959,-231.4679,1.473561,8002.25,-18.565,0.1000,6934,8331,262213.34
960,-247.3693,1.476347,9745.17,-19.426,0.1000,6934,8331,262213.34
961,-208.8836,1.432485,8617.00,-16.917,0.1000,6934,8331,262213.34
962,-212.2579,1.466672,8336.46,-18.578,0.1000,6934,8331,262213.34
963,-220.4533,1.536552,7765.83,-20.091,0.1000,6934,8331,262213.34
964,-235.4859,1.518004,8557.84,-19.144,0.1000,6934,8331,262213.34
965,-210.5561,1.494454,9438.35,-16.337,0.1000,6934,8331,262213.34
966,-239.3459,1.503910,9090.26,-17.550,0.1000,6934,8331,262213.34
967,-216.3864,1.451918,10573.22,-17.161,0.1000,6934,8331,262213.34
968,-224.8530,1.557768,8566.72,-17.066,0.1000,6934,8331,262213.34
969,-198.9157,1.603426,10024.56,-16.946,0.1000,6934,8331,262213.34
970,-215.0425,1.526844,7337.55,-20.578,0.1000,6934,8331,262213.34
971,-261.4452,1.600071,7678.73,-18.939,0.1000,6934,8331,262213.34
972,-229.5628,1.487990,8171.57,-19.237,0.1000,6934,8331,262213.34
973,-219.1692,1.463680,8681.96,-17.845,0.1000,6934,8331,262213.34
974,-245.2446,1.473740,7718.27,-17.746,0.1000,6934,8331,262213.34
975,-224.5574,1.447412,9260.05,-17.621,0.1000,6934,8331,262213.34
976,-237.9143,1.494935,8478.88,-18.576,0.1000,6934,8331,262213.34
977,-217.2308,1.512004,8826.82,-18.341,0.1000,6934,8331,262213.34
978,-229.2601,1.497349,8048.02,-19.273,0.1000,6934,8331,262213.34
979,-231.1913,1.496453,9355.56,-17.187,0.1000,6934,8331,262213.34
980,-208.6112,1.477267,10748.97,-15.440,0.1000,6934,8331,262213.34
981,-246.3617,1.532456,7831.97,-19.032,0.1000,6934,8331,262213.34
982,-224.7197,1.527299,8063.53,-17.505,0.1000,6934,8331,262213.34
983,-249.0048,1.473860,10438.39,-16.990,0.1000,6934,8331,262213.34
984,-217.0209,1.466029,9403.29,-18.271,0.1000,6934,8331,262213.34
985,-243.1959,1.511920,8975.44,-17.430,0.1000,6934,8331,262213.34
986,-211.1414,1.562214,8028.99,-19.678,0.1000,6934,8331,262213.34
987,-207.8701,1.513111,10819.59,-17.618,0.1000,6934,8331,262213.34
988,-248.4948,1.531041,9678.85,-19.389,0.1000,6934,8331,262213.34
989,-229.0023,1.493096,8219.69,-18.724,0.1000,6934,8331,262213.34
990,-235.3254,1.535863,8877.63,-17.683,0.1000,6934,8331,262213.34
991,-223.2158,1.551565,9026.96,-17.995,0.1000,6934,8331,262213.34
992,-215.2635,1.579128,7543.69,-19.799,0.1000,6934,8331,262213.34
993,-231.9189,1.588598,8410.64,-19.489,0.1000,6934,8331,262213.34
994,-192.9219,1.516318,10955.59,-17.603,0.1000,6934,8331,262213.34
995,-217.5335,1.520965,7929.58,-19.079,0.1000,6934,8331,262213.34
996,-226.8056,1.520354,8308.76,-19.495,0.1000,6934,8331,262213.34
997,-221.8619,1.446450,8608.47,-17.137,0.1000,6934,8331,262213.34
998,-208.3185,1.512954,8771.52,-17.815,0.1000,6934,8331,262213.34
999,-224.8070,1.492270,8044.05,-18.497,0.1000,6934,8331,262213.34
1000,-220.0314,1.454162,8526.20,-18.504,0.1000,6934,8331,262213.34
